recordID,masterParameterID,toxicityType,dateListed,documentDate,noData
1,32,NULL,NULL,6-Jun-14,1
2,34,Cancer,1-Jul-87,6-Jun-14,NULL
3,36,NULL,NULL,6-Jun-14,1
4,48,NULL,NULL,6-Jun-14,1
5,54,Cancer,1-Jan-89,6-Jun-14,NULL
6,69,NULL,NULL,6-Jun-14,1
7,70,NULL,NULL,6-Jun-14,1
8,84,Cancer && Developmental,"October 1, 1989 && January 1, 1991",6-Jun-14,NULL
9,85,Cancer && Developmental,"October 1, 1989 && January 1, 1991",6-Jun-14,NULL
10,89,NULL,NULL,6-Jun-14,1
11,92,Cancer,1-Jan-88,6-Jun-14,NULL
12,101,NULL,NULL,6-Jun-14,1
13,102,NULL,NULL,6-Jun-14,1
14,104,Cancer,1-Jan-88,6-Jun-14,NULL
15,109,NULL,NULL,6-Jun-14,1
16,111,NULL,NULL,6-Jun-14,1
17,114,NULL,NULL,6-Jun-14,1
18,115,NULL,NULL,6-Jun-14,1
19,116,"Developmental, Female reproductive, Male reproductive",15-May-98,6-Jun-14,NULL
20,134,NULL,NULL,6-Jun-14,1
21,146,NULL,NULL,6-Jun-14,1
22,148,NULL,NULL,6-Jun-14,1
23,152,NULL,NULL,6-Jun-14,1
24,160,Cancer,1-Jan-88,6-Jun-14,NULL
25,165,NULL,NULL,6-Jun-14,1
26,167,NULL,NULL,6-Jun-14,1
27,170,Cancer,1-Jan-89,6-Jun-14,NULL
28,171,Cancer,1-Jan-89,6-Jun-14,NULL
29,172,Cancer,1-Oct-87,6-Jun-14,NULL
30,175,Cancer,1-Jan-88,6-Jun-14,NULL
31,176,NULL,NULL,6-Jun-14,1
32,178,Cancer,27-Feb-87,6-Jun-14,NULL
33,184,NULL,NULL,6-Jun-14,1
34,185,Cancer,1-Oct-94,6-Jun-14,NULL
35,189,NULL,NULL,6-Jun-14,1
36,191,Cancer,1-Apr-88,6-Jun-14,NULL
37,192,NULL,NULL,6-Jun-14,1
38,194,NULL,NULL,6-Jun-14,1
39,200,Cancer,1-Apr-88,6-Jun-14,NULL
40,201,NULL,NULL,6-Jun-14,1
41,202,Cancer,1-Jan-90,6-Jun-14,NULL
42,208,NULL,NULL,6-Jun-14,1
43,209,NULL,NULL,6-Jun-14,1
44,210,NULL,NULL,6-Jun-14,1
45,224,cancer,1-Jan-89,6-Jun-14,NULL
46,228,Cancer,1-Jul-88,6-Jun-14,NULL
47,231,NULL,NULL,6-Jun-14,1
48,232,NULL,NULL,6-Jun-14,1
49,236,NULL,NULL,6-Jun-14,1
50,238,NULL,NULL,6-Jun-14,1
51,245,NULL,NULL,6-Jun-14,1
52,246,Cancer,1-Jan-90,6-Jun-14,NULL
53,247,NULL,NULL,6-Jun-14,1
54,251,Cancer,1-Jul-87,6-Jun-14,NULL
55,254,NULL,NULL,6-Jun-14,1
56,255,NULL,NULL,6-Jun-14,1
57,259,NULL,NULL,6-Jun-14,1
58,260,Cancer,1-Jan-90,6-Jun-14,NULL
59,262,NULL,NULL,6-Jun-14,1
60,264,Cancer,11-Aug-06,6-Jun-14,NULL
61,265,NULL,NULL,6-Jun-14,1
62,271,Cancer,27-Feb-87,6-Jun-14,NULL
63,272,Cancer,1-Jul-87,6-Jun-14,NULL
64,273,Cancer,1-Jul-87,6-Jun-14,NULL
65,275,Cancer,1-Jul-87,6-Jun-14,NULL
66,276,NULL,NULL,6-Jun-14,1
67,277,NULL,NULL,6-Jun-14,1
68,278,Cancer,1-Jul-87,6-Jun-14,NULL
69,279,Cancer,1-Jul-87,6-Jun-14,NULL
70,283,Developmental,2-Dec-05,6-Jun-14,NULL
71,286,NULL,NULL,6-Jun-14,1
72,293,"Cancer && Developmental, Male reproductive","January 1, 1988 && October 24, 2003",6-Jun-14,NULL
73,298,NULL,NULL,6-Jun-14,1
74,306,Developmental,1-Oct-90,6-Jun-14,NULL
75,309,NULL,NULL,6-Jun-14,1
76,312,NULL,NULL,6-Jun-14,1
77,351,Cancer,1-Oct-88,6-Jun-14,NULL
78,352,Cancer,1-Jan-90,6-Jun-14,NULL
79,353,"Cancer && Developmental, Female reproductive, Male reproductive","February 5, 2010 && August 7, 2009",6-Jun-14,NULL
80,355,NULL,NULL,6-Jun-14,1
81,361,NULL,NULL,6-Jun-14,1
82,362,NULL,NULL,6-Jun-14,1
83,371,NULL,NULL,6-Jun-14,1
84,377,Cancer,1-Jan-90,6-Jun-14,NULL
85,382,NULL,NULL,6-Jun-14,1
86,385,NULL,NULL,6-Jun-14,1
87,386,Cancer,1-Jan-89,6-Jun-14,NULL
88,387,NULL,NULL,6-Jun-14,1
89,388,NULL,NULL,6-Jun-14,1
90,390,Cancer,1-Jan-90,6-Jun-14,NULL
91,391,NULL,NULL,6-Jun-14,1
92,395,NULL,NULL,6-Jun-14,1
93,402,NULL,NULL,6-Jun-14,1
94,404,NULL,NULL,6-Jun-14,1
95,410,Developmental,19-Mar-99,6-Jun-14,NULL
96,415,NULL,NULL,6-Jun-14,1
97,420,NULL,NULL,6-Jun-14,1
98,425,NULL,NULL,6-Jun-14,1
99,429,"Developmental, Female reproductive, Male reproductive",2-Dec-05,6-Jun-14,NULL
100,430,NULL,NULL,6-Jun-14,1
101,431,NULL,NULL,6-Jun-14,1
102,432,NULL,NULL,6-Jun-14,1
103,434,Cancer,1-Jan-88,6-Jun-14,NULL
104,436,Cancer,1-Jan-88,6-Jun-14,NULL
105,443,NULL,NULL,6-Jun-14,1
106,444,NULL,NULL,6-Jun-14,1
107,445,NULL,NULL,6-Jun-14,1
108,447,NULL,NULL,6-Jun-14,1
109,448,Cancer,1-Jan-89,6-Jun-14,NULL
110,449,NULL,NULL,6-Jun-14,1
111,450,Cancer,1-Jul-88,6-Jun-14,NULL
112,462,NULL,NULL,6-Jun-14,1
113,463,Cancer,27-Feb-87,6-Jun-14,NULL
114,465,NULL,NULL,6-Jun-14,1
115,466,NULL,NULL,6-Jun-14,1
116,470,NULL,NULL,6-Jun-14,1
117,471,NULL,NULL,6-Jun-14,1
118,472,NULL,NULL,6-Jun-14,1
119,473,NULL,NULL,6-Jun-14,1
120,479,NULL,NULL,6-Jun-14,1
121,480,NULL,NULL,6-Jun-14,1
122,481,NULL,NULL,6-Jun-14,1
123,482,NULL,NULL,6-Jun-14,1
124,484,NULL,NULL,6-Jun-14,1
125,512,NULL,NULL,6-Jun-14,1
126,521,NULL,NULL,6-Jun-14,1
127,531,Cancer && Developmental,"January 1, 1988 && January 1, 1989",6-Jun-14,NULL
128,538,NULL,NULL,6-Jun-14,1
129,540,Developmental,19-Mar-99,6-Jun-14,NULL
130,550,NULL,NULL,6-Jun-14,1
131,565,NULL,NULL,6-Jun-14,1
132,566,NULL,NULL,6-Jun-14,1
133,567,NULL,NULL,6-Jun-14,1
134,574,NULL,NULL,6-Jun-14,1
135,594,NULL,NULL,6-Jun-14,1
136,595,Cancer,19-Apr-02,6-Jun-14,NULL
137,596,NULL,NULL,6-Jun-14,1
138,603,Developmental,1-Apr-90,6-Jun-14,NULL
139,611,Cancer,1-Jan-88,6-Jun-14,NULL
140,614,NULL,NULL,6-Jun-14,1
141,625,NULL,NULL,6-Jun-14,1
142,635,NULL,NULL,6-Jun-14,1
143,638,NULL,NULL,6-Jun-14,1
144,642,NULL,NULL,6-Jun-14,1
145,643,NULL,NULL,6-Jun-14,1
146,644,NULL,NULL,6-Jun-14,1
147,645,NULL,NULL,6-Jun-14,1
148,664,NULL,NULL,6-Jun-14,1
149,665,NULL,NULL,6-Jun-14,1
150,666,NULL,NULL,6-Jun-14,1
151,667,Cancer,1-May-96,6-Jun-14,NULL
152,668,Cancer,27-Feb-01,6-Jun-14,NULL
153,670,NULL,NULL,6-Jun-14,1
154,671,NULL,NULL,6-Jun-14,1
155,676,NULL,NULL,6-Jun-14,1
156,678,NULL,NULL,6-Jun-14,1
157,688,NULL,NULL,6-Jun-14,1
158,698,NULL,NULL,6-Jun-14,1
159,748,NULL,NULL,6-Jun-14,1
160,751,Developmental,1-Apr-90,6-Jun-14,NULL
161,752,"Developmental, Male reproductive",1-Jan-89,6-Jun-14,NULL
162,753,NULL,NULL,6-Jun-14,1
163,754,NULL,NULL,6-Jun-14,1
164,755,NULL,NULL,6-Jun-14,1
165,759,NULL,NULL,6-Jun-14,1
166,760,NULL,NULL,6-Jun-14,1
167,762,Cancer,31-May-02,6-Jun-14,NULL
168,767,NULL,NULL,6-Jun-14,1
169,768,NULL,NULL,6-Jun-14,1
170,769,Developmental,15-May-98,6-Jun-14,NULL
171,770,NULL,NULL,6-Jun-14,1
172,771,NULL,NULL,6-Jun-14,1
173,773,NULL,NULL,6-Jun-14,1
174,774,Developmental,27-Apr-99,6-Jun-14,NULL
175,777,NULL,NULL,6-Jun-14,1
176,793,Cancer,1-Oct-94,6-Jun-14,NULL
177,798,NULL,NULL,6-Jun-14,1
178,812,NULL,NULL,6-Jun-14,1
179,817,Cancer && Developmental,"July 1, 1988 && August 20, 1999",6-Jun-14,NULL
180,818,Cancer,1-Jul-88,6-Jun-14,NULL
181,820,Cancer,1-Oct-87,6-Jun-14,NULL
182,824,NULL,NULL,6-Jun-14,1
183,830,NULL,NULL,6-Jun-14,1
184,850,Cancer,1-Jan-88,6-Jun-14,NULL
185,857,NULL,NULL,6-Jun-14,1
186,858,NULL,NULL,6-Jun-14,1
187,859,NULL,NULL,6-Jun-14,1
188,864,Cancer,1-Jan-88,6-Jun-14,NULL
189,866,"Developmental, Male reproductive, Female reproductive",11-Dec-09,6-Jun-14,NULL
190,868,NULL,NULL,6-Jun-14,1
191,908,NULL,NULL,6-Jun-14,1
192,911,NULL,NULL,6-Jun-14,1
193,917,NULL,NULL,6-Jun-14,1
194,919,NULL,NULL,6-Jun-14,1
195,949,NULL,NULL,6-Jun-14,1
196,950,NULL,NULL,6-Jun-14,1
197,952,NULL,NULL,6-Jun-14,1
198,953,Cancer,1-Jan-90,6-Jun-14,NULL
199,956,NULL,NULL,6-Jun-14,1
200,958,NULL,NULL,6-Jun-14,1
201,964,NULL,NULL,6-Jun-14,1
202,974,NULL,NULL,6-Jun-14,1
203,975,NULL,NULL,6-Jun-14,1
204,992,NULL,NULL,6-Jun-14,1
205,996,NULL,NULL,6-Jun-14,1
206,997,NULL,NULL,6-Jun-14,1
207,998,Cancer,1-Jan-88,6-Jun-14,NULL
208,1001,NULL,NULL,6-Jun-14,1
209,1005,Developmental,18-May-99,6-Jun-14,NULL
210,1006,NULL,NULL,6-Jun-14,1
211,1007,NULL,NULL,6-Jun-14,1
212,1008,NULL,NULL,6-Jun-14,1
213,1013,NULL,NULL,6-Jun-14,1
214,1017,NULL,NULL,6-Jun-14,1
215,1019,NULL,NULL,6-Jun-14,1
216,1023,NULL,NULL,6-Jun-14,1
217,1026,NULL,NULL,6-Jun-14,1
218,1030,NULL,NULL,6-Jun-14,1
219,1032,NULL,NULL,6-Jun-14,1
220,1034,NULL,NULL,6-Jun-14,1
221,1037,NULL,NULL,6-Jun-14,1
222,1051,NULL,NULL,6-Jun-14,1
223,1250,NULL,NULL,6-Jun-14,1
224,1264,NULL,NULL,6-Jun-14,1
225,1933,Cancer,27-Feb-01,6-Jun-14,NULL
226,1974,Cancer && Developmental,"October 1, 1989 && January 1, 1991",6-Jun-14,NULL
227,1991,Developmental,1-Apr-90,6-Jun-14,NULL
228,1992,"Developmental, Female reproductive, Male reproductive",30-Mar-99,6-Jun-14,NULL
229,300219,NULL,NULL,6-Jun-14,1
230,300222,NULL,NULL,6-Jun-14,1
231,300226,NULL,NULL,6-Jun-14,1
232,300228,NULL,NULL,6-Jun-14,1
233,300229,NULL,NULL,6-Jun-14,1
234,300230,NULL,NULL,6-Jun-14,1
235,300235,NULL,NULL,6-Jun-14,1
236,300236,"Developmental, Male reproductive",16-Apr-99,6-Jun-14,NULL
237,300237,NULL,NULL,6-Jun-14,1
238,300240,NULL,NULL,6-Jun-14,1
239,300241,NULL,NULL,6-Jun-14,1
240,300245,NULL,NULL,6-Jun-14,1
241,300246,Cancer && Developmental,"August 20, 1999 && May 15, 1998",6-Jun-14,NULL
242,300247,NULL,NULL,6-Jun-14,1
243,300249,NULL,NULL,6-Jun-14,1
244,300250,Cancer,1-May-96,6-Jun-14,NULL
245,300251,NULL,NULL,6-Jun-14,1
246,300252,NULL,NULL,6-Jun-14,1
247,300253,NULL,NULL,6-Jun-14,1
248,300260,NULL,NULL,6-Jun-14,1
249,300261,NULL,NULL,6-Jun-14,1
250,300262,NULL,NULL,6-Jun-14,1
251,300263,NULL,NULL,6-Jun-14,1
252,300264,NULL,NULL,6-Jun-14,1
253,300265,Cancer && Developmental,"October 1, 1989 && January 1, 1991",6-Jun-14,NULL
254,300266,Cancer && Developmental,"October 1, 1989 && January 1, 1991",6-Jun-14,NULL
255,300267,Cancer && Developmental,"October 1, 1989 && January 1, 1991",6-Jun-14,NULL
256,300268,Cancer && Developmental,"October 1, 1989 && January 1, 1991",6-Jun-14,NULL
257,300269,Cancer && Developmental,"October 1, 1989 && January 1, 1991",6-Jun-14,NULL
258,300270,Cancer && Developmental,"October 1, 1989 && January 1, 1991",6-Jun-14,NULL
259,300271,Cancer && Developmental,"October 1, 1989 && January 1, 1991",6-Jun-14,NULL
260,300272,Cancer && Developmental,"October 1, 1989 && January 1, 1991",6-Jun-14,NULL
261,300273,Cancer && Developmental,"October 1, 1989 && January 1, 1991",6-Jun-14,NULL
262,300274,Cancer && Developmental,"October 1, 1989 && January 1, 1991",6-Jun-14,NULL
263,300275,Cancer && Developmental,"October 1, 1989 && January 1, 1991",6-Jun-14,NULL
264,300276,Cancer && Developmental,"October 1, 1989 && January 1, 1991",6-Jun-14,NULL
265,300277,Cancer && Developmental,"October 1, 1989 && January 1, 1991",6-Jun-14,NULL
266,300278,Cancer && Developmental,"October 1, 1989 && January 1, 1991",6-Jun-14,NULL
267,300279,Cancer && Developmental,"October 1, 1989 && January 1, 1991",6-Jun-14,NULL
268,300280,Cancer && Developmental,"October 1, 1989 && January 1, 1991",6-Jun-14,NULL
269,300281,Cancer && Developmental,"October 1, 1989 && January 1, 1991",6-Jun-14,NULL
270,300282,Cancer && Developmental,"October 1, 1989 && January 1, 1991",6-Jun-14,NULL
271,300283,Cancer && Developmental,"October 1, 1989 && January 1, 1991",6-Jun-14,NULL
272,300284,Cancer && Developmental,"October 1, 1989 && January 1, 1991",6-Jun-14,NULL
273,300285,Cancer && Developmental,"October 1, 1989 && January 1, 1991",6-Jun-14,NULL
274,300286,Cancer && Developmental,"October 1, 1989 && January 1, 1991",6-Jun-14,NULL
275,300287,Cancer && Developmental,"October 1, 1989 && January 1, 1991",6-Jun-14,NULL
276,300288,Cancer && Developmental,"October 1, 1989 && January 1, 1991",6-Jun-14,NULL
277,300289,Cancer && Developmental,"October 1, 1989 && January 1, 1991",6-Jun-14,NULL
278,300291,Cancer,1-Jan-88,6-Jun-14,NULL
279,300293,Cancer,2-Jan-88,6-Jun-14,NULL
280,300294,NULL,NULL,6-Jun-14,1
281,300295,Cancer,28-Sep-07,6-Jun-14,NULL
282,300296,NULL,NULL,6-Jun-14,1
283,300297,NULL,NULL,6-Jun-14,1
284,300298,NULL,NULL,6-Jun-14,1
285,300299,NULL,NULL,6-Jun-14,1
286,300301,NULL,NULL,6-Jun-14,1
287,300302,NULL,NULL,6-Jun-14,1
288,300303,NULL,NULL,6-Jun-14,1
289,300304,NULL,NULL,6-Jun-14,1
290,300305,NULL,NULL,6-Jun-14,1
291,300306,NULL,NULL,6-Jun-14,1
292,300307,NULL,NULL,6-Jun-14,1
293,300309,NULL,NULL,6-Jun-14,1
294,300312,NULL,NULL,6-Jun-14,1
295,300315,NULL,NULL,6-Jun-14,1
296,300316,NULL,NULL,6-Jun-14,1
297,300317,NULL,NULL,6-Jun-14,1
298,300318,NULL,NULL,6-Jun-14,1
299,300327,NULL,NULL,6-Jun-14,1
300,300328,NULL,NULL,6-Jun-14,1
301,300329,NULL,NULL,6-Jun-14,1
302,300330,NULL,NULL,6-Jun-14,1
303,300333,NULL,NULL,6-Jun-14,1
304,300334,NULL,NULL,6-Jun-14,1
305,300335,NULL,NULL,6-Jun-14,1
306,300336,NULL,NULL,6-Jun-14,1
307,300337,NULL,NULL,6-Jun-14,1
308,300347,Cancer,1-Oct-90,6-Jun-14,NULL
309,300348,Cancer,1-Oct-90,6-Jun-14,NULL
310,300349,Cancer,1-Oct-90,6-Jun-14,NULL
311,300374,NULL,NULL,6-Jun-14,1
312,300377,NULL,NULL,6-Jun-14,1
313,300378,NULL,NULL,6-Jun-14,1
314,300379,Cancer && Developmental,"October 1, 1989 && January 1, 1991",6-Jun-14,NULL
315,300386,NULL,NULL,6-Jun-14,1
316,300387,NULL,NULL,6-Jun-14,1
317,300388,NULL,NULL,6-Jun-14,1
318,300389,NULL,NULL,6-Jun-14,1
319,300390,NULL,NULL,6-Jun-14,1
320,300391,NULL,NULL,6-Jun-14,1
321,300392,NULL,NULL,6-Jun-14,1
322,300406,Cancer,1-Jan-88,6-Jun-14,NULL
323,300409,NULL,NULL,6-Jun-14,1
324,300432,Cancer && Developmental,"October 1, 1989 && January 1, 1991",6-Jun-14,NULL
325,300433,Cancer && Developmental,"October 1, 1989 && January 1, 1991",6-Jun-14,NULL
326,300435,Cancer && Developmental,"October 1, 1989 && January 1, 1991",6-Jun-14,NULL
327,300436,Cancer && Developmental,"October 1, 1989 && January 1, 1991",6-Jun-14,NULL
328,300437,Cancer && Developmental,"October 1, 1989 && January 1, 1991",6-Jun-14,NULL
329,300438,Cancer && Developmental,"October 1, 1989 && January 1, 1991",6-Jun-14,NULL
330,300440,Cancer && Developmental,"October 1, 1989 && January 1, 1991",6-Jun-14,NULL
331,300441,Cancer && Developmental,"October 1, 1989 && January 1, 1991",6-Jun-14,NULL
332,300442,Cancer && Developmental,"October 1, 1989 && January 1, 1991",6-Jun-14,NULL
333,300503,NULL,NULL,6-Jun-14,1
334,300505,NULL,NULL,6-Jun-14,1
335,300604,NULL,NULL,6-Jun-14,1
336,300605,NULL,NULL,6-Jun-14,1
337,300628,NULL,NULL,6-Jun-14,1
338,300629,Cancer && Developmental,"October 1, 1989 && January 1, 1991",6-Jun-14,NULL
339,300631,NULL,NULL,6-Jun-14,1
340,300636,NULL,NULL,6-Jun-14,1
341,300638,NULL,NULL,6-Jun-14,1
342,300639,NULL,NULL,6-Jun-14,1
343,300640,Cancer,1-Jul-91,6-Jun-14,NULL
344,300641,NULL,NULL,6-Jun-14,1
345,300659,NULL,NULL,6-Jun-14,1
346,300685,NULL,NULL,6-Jun-14,1
347,300698,Cancer && Developmental,"October 1, 1989 && January 1, 1991",6-Jun-14,NULL
348,300699,Cancer && Developmental,"October 1, 1989 && January 1, 1991",6-Jun-14,NULL
349,300700,Cancer && Developmental,"October 1, 1989 && January 1, 1991",6-Jun-14,NULL
350,300701,Cancer && Developmental,"October 1, 1989 && January 1, 1991",6-Jun-14,NULL
351,300703,Cancer && Developmental,"October 1, 1989 && January 1, 1991",6-Jun-14,NULL
352,300704,Cancer && Developmental,"October 1, 1989 && January 1, 1991",6-Jun-14,NULL
353,300705,Cancer && Developmental,"October 1, 1989 && January 1, 1991",6-Jun-14,NULL
354,300707,Cancer && Developmental,"October 1, 1989 && January 1, 1991",6-Jun-14,NULL
355,300708,Cancer && Developmental,"October 1, 1989 && January 1, 1991",6-Jun-14,NULL
356,300711,Cancer && Developmental,"January 1, 1988 && October 1, 1994",6-Jun-14,NULL
357,300713,NULL,NULL,6-Jun-14,1
358,300714,NULL,NULL,6-Jun-14,1
359,300715,NULL,NULL,6-Jun-14,1
360,300716,NULL,NULL,6-Jun-14,1
361,300718,Cancer && Developmental,"October 1, 1989 && January 1, 1991",6-Jun-14,NULL
362,300719,Cancer && Developmental,"October 1, 1989 && January 1, 1991",6-Jun-14,NULL
363,300720,Cancer && Developmental,"October 1, 1989 && January 1, 1991",6-Jun-14,NULL
364,300721,Cancer && Developmental,"October 1, 1989 && January 1, 1991",6-Jun-14,NULL
365,300722,Cancer && Developmental,"October 1, 1989 && January 1, 1991",6-Jun-14,NULL
366,300723,Cancer && Developmental,"October 1, 1989 && January 1, 1991",6-Jun-14,NULL
367,300724,Cancer && Developmental,"October 1, 1989 && January 1, 1991",6-Jun-14,NULL
368,300725,Cancer && Developmental,"October 1, 1989 && January 1, 1991",6-Jun-14,NULL
369,300726,Cancer && Developmental,"October 1, 1989 && January 1, 1991",6-Jun-14,NULL
370,300727,NULL,NULL,6-Jun-14,1
371,300728,NULL,NULL,6-Jun-14,1
372,300729,NULL,NULL,6-Jun-14,1
373,300730,NULL,NULL,6-Jun-14,1
374,300731,NULL,NULL,6-Jun-14,1
375,300732,NULL,NULL,6-Jun-14,1
376,300733,NULL,NULL,6-Jun-14,1
377,300734,NULL,NULL,6-Jun-14,1
378,300736,Cancer && Developmental,"October 1, 1989 && January 1, 1991",6-Jun-14,NULL
379,300737,Cancer && Developmental,"October 1, 1989 && January 1, 1991",6-Jun-14,NULL
380,300739,Cancer,29-Apr-11,6-Jun-14,NULL
381,300743,Cancer && Developmental,"October 1, 1989 && January 1, 1991",6-Jun-14,NULL
382,300745,Cancer && Developmental,"October 1, 1989 && January 1, 1991",6-Jun-14,NULL
383,300763,Cancer && Developmental,"October 1, 1989 && January 1, 1991",6-Jun-14,NULL
384,300764,Cancer && Developmental,"October 1, 1989 && January 1, 1991",6-Jun-14,NULL
385,300765,Cancer && Developmental,"October 1, 1989 && January 1, 1991",6-Jun-14,NULL
386,300766,Cancer && Developmental,"October 1, 1989 && January 1, 1991",6-Jun-14,NULL
387,300773,Cancer && Developmental,"October 1, 1989 && January 1, 1991",6-Jun-14,NULL
388,300894,Cancer && Developmental,"October 1, 1989 && January 1, 1991",6-Jun-14,NULL
389,300897,Cancer && Developmental,"October 1, 1989 && January 1, 1991",6-Jun-14,NULL
390,300898,Cancer && Developmental,"October 1, 1989 && January 1, 1991",6-Jun-14,NULL
391,300899,Cancer && Developmental,"October 1, 1989 && January 1, 1991",6-Jun-14,NULL
392,300900,Cancer && Developmental,"October 1, 1989 && January 1, 1991",6-Jun-14,NULL
393,300901,Cancer && Developmental,"October 1, 1989 && January 1, 1991",6-Jun-14,NULL
394,300903,Cancer && Developmental,"October 1, 1989 && January 1, 1991",6-Jun-14,NULL
395,300904,Cancer && Developmental,"October 1, 1989 && January 1, 1991",6-Jun-14,NULL
396,300905,Cancer && Developmental,"October 1, 1989 && January 1, 1991",6-Jun-14,NULL
397,300906,Cancer && Developmental,"October 1, 1989 && January 1, 1991",6-Jun-14,NULL
398,300907,Cancer && Developmental,"October 1, 1989 && January 1, 1991",6-Jun-14,NULL
399,300908,Cancer && Developmental,"October 1, 1989 && January 1, 1991",6-Jun-14,NULL
400,300909,Cancer && Developmental,"October 1, 1989 && January 1, 1991",6-Jun-14,NULL
401,300910,Cancer && Developmental,"October 1, 1989 && January 1, 1991",6-Jun-14,NULL
402,300911,Cancer && Developmental,"October 1, 1989 && January 1, 1991",6-Jun-14,NULL
403,300912,Cancer && Developmental,"October 1, 1989 && January 1, 1991",6-Jun-14,NULL
404,300913,Cancer && Developmental,"October 1, 1989 && January 1, 1991",6-Jun-14,NULL
405,300914,Cancer && Developmental,"October 1, 1989 && January 1, 1991",6-Jun-14,NULL
406,300915,Cancer && Developmental,"October 1, 1989 && January 1, 1991",6-Jun-14,NULL
407,300916,Cancer && Developmental,"October 1, 1989 && January 1, 1991",6-Jun-14,NULL
408,300917,Cancer && Developmental,"October 1, 1989 && January 1, 1991",6-Jun-14,NULL
409,300918,Cancer && Developmental,"October 1, 1989 && January 1, 1991",6-Jun-14,NULL
410,300919,Cancer && Developmental,"October 1, 1989 && January 1, 1991",6-Jun-14,NULL
411,300920,Cancer && Developmental,"October 1, 1989 && January 1, 1991",6-Jun-14,NULL
412,300921,Cancer && Developmental,"October 1, 1989 && January 1, 1991",6-Jun-14,NULL
413,300922,Cancer && Developmental,"October 1, 1989 && January 1, 1991",6-Jun-14,NULL
414,300923,Cancer && Developmental,"October 1, 1989 && January 1, 1991",6-Jun-14,NULL
415,300924,Cancer && Developmental,"October 1, 1989 && January 1, 1991",6-Jun-14,NULL
416,300925,Cancer && Developmental,"October 1, 1989 && January 1, 1991",6-Jun-14,NULL
417,300926,Cancer && Developmental,"October 1, 1989 && January 1, 1991",6-Jun-14,NULL
418,300927,Cancer && Developmental,"October 1, 1989 && January 1, 1991",6-Jun-14,NULL
419,300928,Cancer && Developmental,"October 1, 1989 && January 1, 1991",6-Jun-14,NULL
420,300929,Cancer && Developmental,"October 1, 1989 && January 1, 1991",6-Jun-14,NULL
421,300930,Cancer && Developmental,"October 1, 1989 && January 1, 1991",6-Jun-14,NULL
422,300931,Cancer && Developmental,"October 1, 1989 && January 1, 1991",6-Jun-14,NULL
423,300932,Cancer && Developmental,"October 1, 1989 && January 1, 1991",6-Jun-14,NULL
424,300933,Cancer && Developmental,"October 1, 1989 && January 1, 1991",6-Jun-14,NULL
425,300934,Cancer && Developmental,"October 1, 1989 && January 1, 1991",6-Jun-14,NULL
426,300935,Cancer && Developmental,"October 1, 1989 && January 1, 1991",6-Jun-14,NULL
427,300936,Cancer && Developmental,"October 1, 1989 && January 1, 1991",6-Jun-14,NULL
428,300937,Cancer && Developmental,"October 1, 1989 && January 1, 1991",6-Jun-14,NULL
429,300938,Cancer && Developmental,"October 1, 1989 && January 1, 1991",6-Jun-14,NULL
430,300939,Cancer && Developmental,"October 1, 1989 && January 1, 1991",6-Jun-14,NULL
431,300940,Cancer && Developmental,"October 1, 1989 && January 1, 1991",6-Jun-14,NULL
432,300941,Cancer && Developmental,"October 1, 1989 && January 1, 1991",6-Jun-14,NULL
433,300942,Cancer && Developmental,"October 1, 1989 && January 1, 1991",6-Jun-14,NULL
434,300943,Cancer && Developmental,"October 1, 1989 && January 1, 1991",6-Jun-14,NULL
435,300944,Cancer && Developmental,"October 1, 1989 && January 1, 1991",6-Jun-14,NULL
436,300993,Cancer && Developmental,"October 1, 1989 && January 1, 1991",6-Jun-14,NULL
437,300994,Cancer && Developmental,"October 1, 1989 && January 1, 1991",6-Jun-14,NULL
438,300995,Cancer && Developmental,"October 1, 1989 && January 1, 1991",6-Jun-14,NULL
439,300996,Cancer && Developmental,"October 1, 1989 && January 1, 1991",6-Jun-14,NULL
440,300997,Cancer && Developmental,"October 1, 1989 && January 1, 1991",6-Jun-14,NULL
441,300998,Cancer && Developmental,"October 1, 1989 && January 1, 1991",6-Jun-14,NULL
442,300999,Cancer && Developmental,"October 1, 1989 && January 1, 1991",6-Jun-14,NULL
443,301000,Cancer && Developmental,"October 1, 1989 && January 1, 1991",6-Jun-14,NULL
444,301001,Cancer && Developmental,"October 1, 1989 && January 1, 1991",6-Jun-14,NULL
445,301002,Cancer && Developmental,"October 1, 1989 && January 1, 1991",6-Jun-14,NULL
446,301003,Cancer && Developmental,"October 1, 1989 && January 1, 1991",6-Jun-14,NULL
447,301004,Cancer && Developmental,"October 1, 1989 && January 1, 1991",6-Jun-14,NULL
448,301005,Cancer && Developmental,"October 1, 1989 && January 1, 1991",6-Jun-14,NULL
449,301006,Cancer && Developmental,"October 1, 1989 && January 1, 1991",6-Jun-14,NULL
450,301007,Cancer && Developmental,"October 1, 1989 && January 1, 1991",6-Jun-14,NULL
451,301008,Cancer && Developmental,"October 1, 1989 && January 1, 1991",6-Jun-14,NULL
452,301009,Cancer && Developmental,"October 1, 1989 && January 1, 1991",6-Jun-14,NULL
453,301010,Cancer && Developmental,"October 1, 1989 && January 1, 1991",6-Jun-14,NULL
454,301011,Cancer && Developmental,"October 1, 1989 && January 1, 1991",6-Jun-14,NULL
455,301017,Cancer && Developmental,"October 1, 1989 && January 1, 1991",6-Jun-14,NULL
456,301018,Cancer && Developmental,"October 1, 1989 && January 1, 1991",6-Jun-14,NULL
457,301019,Cancer && Developmental,"October 1, 1989 && January 1, 1991",6-Jun-14,NULL
458,301020,Cancer && Developmental,"October 1, 1989 && January 1, 1991",6-Jun-14,NULL
459,301021,Cancer && Developmental,"October 1, 1989 && January 1, 1991",6-Jun-14,NULL
460,301022,Cancer && Developmental,"October 1, 1989 && January 1, 1991",6-Jun-14,NULL
461,301023,Cancer && Developmental,"October 1, 1989 && January 1, 1991",6-Jun-14,NULL
462,301024,Cancer && Developmental,"October 1, 1989 && January 1, 1991",6-Jun-14,NULL
463,301025,Cancer && Developmental,"October 1, 1989 && January 1, 1991",6-Jun-14,NULL
464,301026,Cancer && Developmental,"October 1, 1989 && January 1, 1991",6-Jun-14,NULL
465,301027,Cancer && Developmental,"October 1, 1989 && January 1, 1991",6-Jun-14,NULL
466,301028,Cancer && Developmental,"October 1, 1989 && January 1, 1991",6-Jun-14,NULL
467,301029,Cancer && Developmental,"October 1, 1989 && January 1, 1991",6-Jun-14,NULL
468,301030,Cancer && Developmental,"October 1, 1989 && January 1, 1991",6-Jun-14,NULL
469,301031,Cancer && Developmental,"October 1, 1989 && January 1, 1991",6-Jun-14,NULL
470,301032,Cancer && Developmental,"October 1, 1989 && January 1, 1991",6-Jun-14,NULL
471,301033,Cancer && Developmental,"October 1, 1989 && January 1, 1991",6-Jun-14,NULL
472,301034,Cancer && Developmental,"October 1, 1989 && January 1, 1991",6-Jun-14,NULL
473,301035,Cancer && Developmental,"October 1, 1989 && January 1, 1991",6-Jun-14,NULL
474,301036,Cancer && Developmental,"October 1, 1989 && January 1, 1991",6-Jun-14,NULL
475,301037,Cancer && Developmental,"October 1, 1989 && January 1, 1991",6-Jun-14,NULL
476,301038,Cancer && Developmental,"October 1, 1989 && January 1, 1991",6-Jun-14,NULL
477,301039,Cancer && Developmental,"October 1, 1989 && January 1, 1991",6-Jun-14,NULL
478,301040,Cancer && Developmental,"October 1, 1989 && January 1, 1991",6-Jun-14,NULL
479,301041,Cancer && Developmental,"October 1, 1989 && January 1, 1991",6-Jun-14,NULL
480,301042,Cancer && Developmental,"October 1, 1989 && January 1, 1991",6-Jun-14,NULL
481,301043,Cancer && Developmental,"October 1, 1989 && January 1, 1991",6-Jun-14,NULL
482,301044,Cancer && Developmental,"October 1, 1989 && January 1, 1991",6-Jun-14,NULL
483,301045,Cancer && Developmental,"October 1, 1989 && January 1, 1991",6-Jun-14,NULL
484,301046,Cancer && Developmental,"October 1, 1989 && January 1, 1991",6-Jun-14,NULL
485,301047,Cancer && Developmental,"October 1, 1989 && January 1, 1991",6-Jun-14,NULL
486,301048,Cancer && Developmental,"October 1, 1989 && January 1, 1991",6-Jun-14,NULL
487,301049,Cancer && Developmental,"October 1, 1989 && January 1, 1991",6-Jun-14,NULL
488,301050,Cancer && Developmental,"October 1, 1989 && January 1, 1991",6-Jun-14,NULL
489,301051,Cancer && Developmental,"October 1, 1989 && January 1, 1991",6-Jun-14,NULL
490,301052,Cancer && Developmental,"October 1, 1989 && January 1, 1991",6-Jun-14,NULL
491,301053,Cancer && Developmental,"October 1, 1989 && January 1, 1991",6-Jun-14,NULL
492,301054,Cancer && Developmental,"October 1, 1989 && January 1, 1991",6-Jun-14,NULL
493,301055,Cancer && Developmental,"October 1, 1989 && January 1, 1991",6-Jun-14,NULL
494,301056,Cancer && Developmental,"October 1, 1989 && January 1, 1991",6-Jun-14,NULL
495,301057,Cancer && Developmental,"October 1, 1989 && January 1, 1991",6-Jun-14,NULL
496,301058,Cancer && Developmental,"October 1, 1989 && January 1, 1991",6-Jun-14,NULL
497,301059,Cancer && Developmental,"October 1, 1989 && January 1, 1991",6-Jun-14,NULL
498,301060,Cancer && Developmental,"October 1, 1989 && January 1, 1991",6-Jun-14,NULL
499,301061,Cancer && Developmental,"October 1, 1989 && January 1, 1991",6-Jun-14,NULL
500,301062,Cancer && Developmental,"October 1, 1989 && January 1, 1991",6-Jun-14,NULL
501,301063,Cancer && Developmental,"October 1, 1989 && January 1, 1991",6-Jun-14,NULL
502,301064,Cancer && Developmental,"October 1, 1989 && January 1, 1991",6-Jun-14,NULL
503,301065,Cancer && Developmental,"October 1, 1989 && January 1, 1991",6-Jun-14,NULL
504,301066,Cancer && Developmental,"October 1, 1989 && January 1, 1991",6-Jun-14,NULL
505,301067,Cancer && Developmental,"October 1, 1989 && January 1, 1991",6-Jun-14,NULL
506,301068,Cancer && Developmental,"October 1, 1989 && January 1, 1991",6-Jun-14,NULL
507,301069,Cancer && Developmental,"October 1, 1989 && January 1, 1991",6-Jun-14,NULL
508,301070,Cancer && Developmental,"October 1, 1989 && January 1, 1991",6-Jun-14,NULL
509,301071,Cancer && Developmental,"October 1, 1989 && January 1, 1991",6-Jun-14,NULL
510,301072,Cancer && Developmental,"October 1, 1989 && January 1, 1991",6-Jun-14,NULL
511,301073,Cancer && Developmental,"October 1, 1989 && January 1, 1991",6-Jun-14,NULL
512,301074,Cancer && Developmental,"October 1, 1989 && January 1, 1991",6-Jun-14,NULL
513,301075,Cancer && Developmental,"October 1, 1989 && January 1, 1991",6-Jun-14,NULL
514,301076,Cancer && Developmental,"October 1, 1989 && January 1, 1991",6-Jun-14,NULL
515,301077,Cancer && Developmental,"October 1, 1989 && January 1, 1991",6-Jun-14,NULL
516,301078,Cancer && Developmental,"October 1, 1989 && January 1, 1991",6-Jun-14,NULL
517,301079,Cancer && Developmental,"October 1, 1989 && January 1, 1991",6-Jun-14,NULL
518,301080,Cancer && Developmental,"October 1, 1989 && January 1, 1991",6-Jun-14,NULL
519,301081,Cancer && Developmental,"October 1, 1989 && January 1, 1991",6-Jun-14,NULL
520,301082,Cancer && Developmental,"October 1, 1989 && January 1, 1991",6-Jun-14,NULL
521,301083,Cancer && Developmental,"October 1, 1989 && January 1, 1991",6-Jun-14,NULL
522,301084,Cancer && Developmental,"October 1, 1989 && January 1, 1991",6-Jun-14,NULL
523,301085,Cancer && Developmental,"October 1, 1989 && January 1, 1991",6-Jun-14,NULL
524,301086,Cancer && Developmental,"October 1, 1989 && January 1, 1991",6-Jun-14,NULL
525,301087,Cancer && Developmental,"October 1, 1989 && January 1, 1991",6-Jun-14,NULL
526,301088,Cancer && Developmental,"October 1, 1989 && January 1, 1991",6-Jun-14,NULL
527,301089,Cancer && Developmental,"October 1, 1989 && January 1, 1991",6-Jun-14,NULL
528,301090,Cancer && Developmental,"October 1, 1989 && January 1, 1991",6-Jun-14,NULL
529,301091,Cancer && Developmental,"October 1, 1989 && January 1, 1991",6-Jun-14,NULL
530,301092,Cancer && Developmental,"October 1, 1989 && January 1, 1991",6-Jun-14,NULL
531,301093,NULL,NULL,6-Jun-14,1
532,301094,NULL,NULL,6-Jun-14,1
533,301095,NULL,NULL,6-Jun-14,1
534,301096,Cancer,1-Jan-91,6-Jun-14,NULL
535,301097,NULL,NULL,6-Jun-14,1
536,301098,NULL,NULL,6-Jun-14,1
537,301099,NULL,NULL,6-Jun-14,1
538,301100,NULL,NULL,6-Jun-14,1
539,301101,NULL,NULL,6-Jun-14,1
540,301102,NULL,NULL,6-Jun-14,1
541,301103,NULL,NULL,6-Jun-14,1
542,301104,NULL,NULL,6-Jun-14,1
543,301105,NULL,NULL,6-Jun-14,1
544,301106,NULL,NULL,6-Jun-14,1
545,301107,NULL,NULL,6-Jun-14,1
546,301108,NULL,NULL,6-Jun-14,1
547,301109,NULL,NULL,6-Jun-14,1
548,301110,NULL,NULL,6-Jun-14,1
549,301111,Cancer,5-Oct-05,6-Jun-14,NULL
550,301112,NULL,NULL,6-Jun-14,1
551,301113,NULL,NULL,6-Jun-14,1
552,301114,Cancer,1-Jan-90,6-Jun-14,NULL
553,301115,NULL,NULL,6-Jun-14,1
554,301116,Cancer,4-Aug-00,6-Jun-14,NULL
555,301117,NULL,NULL,6-Jun-14,1
556,301118,NULL,NULL,6-Jun-14,1
557,301119,NULL,NULL,6-Jun-14,1
558,301120,NULL,NULL,6-Jun-14,1
559,301121,NULL,NULL,6-Jun-14,1
560,301122,NULL,NULL,6-Jun-14,1
561,301123,NULL,NULL,6-Jun-14,1
562,301124,NULL,NULL,6-Jun-14,1
563,301125,Cancer,1-Jan-88,6-Jun-14,NULL
564,301126,NULL,NULL,6-Jun-14,1
565,301127,NULL,NULL,6-Jun-14,1
566,301128,NULL,NULL,6-Jun-14,1
567,301129,NULL,NULL,6-Jun-14,1
568,301130,NULL,NULL,6-Jun-14,1
569,301131,NULL,NULL,6-Jun-14,1
570,301132,NULL,NULL,6-Jun-14,1
571,301133,NULL,NULL,6-Jun-14,1
572,301134,Cancer,22-Jun-12,6-Jun-14,NULL
573,301135,NULL,NULL,6-Jun-14,1
574,301136,NULL,NULL,6-Jun-14,1
575,301137,Cancer,1-Jan-89,6-Jun-14,NULL
576,301138,NULL,NULL,6-Jun-14,1
577,301139,NULL,NULL,6-Jun-14,1
578,301140,NULL,NULL,6-Jun-14,1
579,301141,NULL,NULL,6-Jun-14,1
580,301142,NULL,NULL,6-Jun-14,1
581,301143,NULL,NULL,6-Jun-14,1
582,301144,NULL,NULL,6-Jun-14,1
583,301145,NULL,NULL,6-Jun-14,1
584,301146,NULL,NULL,6-Jun-14,1
585,301147,NULL,NULL,6-Jun-14,1
586,301148,NULL,NULL,6-Jun-14,1
587,301149,NULL,NULL,6-Jun-14,1
588,301150,NULL,NULL,6-Jun-14,1
589,301151,NULL,NULL,6-Jun-14,1
590,301152,NULL,NULL,6-Jun-14,1
591,301153,NULL,NULL,6-Jun-14,1
592,301154,NULL,NULL,6-Jun-14,1
593,301155,NULL,NULL,6-Jun-14,1
594,301156,NULL,NULL,6-Jun-14,1
595,301158,NULL,NULL,6-Jun-14,1
596,301159,NULL,NULL,6-Jun-14,1
597,301160,NULL,NULL,6-Jun-14,1
598,301161,NULL,NULL,6-Jun-14,1
599,301162,NULL,NULL,6-Jun-14,1
600,301163,NULL,NULL,6-Jun-14,1
601,301164,NULL,NULL,6-Jun-14,1
602,301165,NULL,NULL,6-Jun-14,1
603,301166,NULL,NULL,6-Jun-14,1
604,301167,NULL,NULL,6-Jun-14,1
605,301168,NULL,NULL,6-Jun-14,1
606,301169,NULL,NULL,6-Jun-14,1
607,301170,NULL,NULL,6-Jun-14,1
608,301171,NULL,NULL,6-Jun-14,1
609,301172,NULL,NULL,6-Jun-14,1
610,301173,NULL,NULL,6-Jun-14,1
611,301174,NULL,NULL,6-Jun-14,1
612,301175,NULL,NULL,6-Jun-14,1
613,301176,NULL,NULL,6-Jun-14,1
614,301177,NULL,NULL,6-Jun-14,1
615,301178,NULL,NULL,6-Jun-14,1
616,301179,NULL,NULL,6-Jun-14,1
617,301182,NULL,NULL,6-Jun-14,1
618,301183,NULL,NULL,6-Jun-14,1
619,301184,NULL,NULL,6-Jun-14,1
620,301185,NULL,NULL,6-Jun-14,1
621,301186,NULL,NULL,6-Jun-14,1
622,301187,NULL,NULL,6-Jun-14,1
623,301188,NULL,NULL,6-Jun-14,1
624,301189,NULL,NULL,6-Jun-14,1
625,301190,NULL,NULL,6-Jun-14,1
626,301191,NULL,NULL,6-Jun-14,1
627,301192,NULL,NULL,6-Jun-14,1
628,301193,NULL,NULL,6-Jun-14,1
629,301194,NULL,NULL,6-Jun-14,1
630,301195,NULL,NULL,6-Jun-14,1
631,301196,NULL,NULL,6-Jun-14,1
632,301197,Cancer,1-Jan-90,6-Jun-14,NULL
633,301198,Cancer,1-Jul-08,6-Jun-14,NULL
634,301199,NULL,NULL,6-Jun-14,1
635,301200,NULL,NULL,6-Jun-14,1
636,301201,NULL,NULL,6-Jun-14,1
637,301202,NULL,NULL,6-Jun-14,1
638,301203,NULL,NULL,6-Jun-14,1
639,301204,NULL,NULL,6-Jun-14,1
640,301205,NULL,NULL,6-Jun-14,1
641,301206,NULL,NULL,6-Jun-14,1
642,301207,NULL,NULL,6-Jun-14,1
643,301208,NULL,NULL,6-Jun-14,1
644,301209,NULL,NULL,6-Jun-14,1
645,301210,NULL,NULL,6-Jun-14,1
646,301211,Cancer,1-Jan-89,6-Jun-14,NULL
647,301212,NULL,NULL,6-Jun-14,1
648,301213,NULL,NULL,6-Jun-14,1
649,301214,NULL,NULL,6-Jun-14,1
650,301215,NULL,NULL,6-Jun-14,1
651,301216,NULL,NULL,6-Jun-14,1
652,301217,NULL,NULL,6-Jun-14,1
653,301218,NULL,NULL,6-Jun-14,1
654,301219,NULL,NULL,6-Jun-14,1
655,301220,NULL,NULL,6-Jun-14,1
656,301221,NULL,NULL,6-Jun-14,1
657,301222,NULL,NULL,6-Jun-14,1
658,301223,NULL,NULL,6-Jun-14,1
659,301224,"Female reproductive, Male reproductive",6-Nov-98,6-Jun-14,NULL
660,301225,NULL,NULL,6-Jun-14,1
661,301226,NULL,NULL,6-Jun-14,1
662,301227,NULL,NULL,6-Jun-14,1
663,301228,NULL,NULL,6-Jun-14,1
664,301229,NULL,NULL,6-Jun-14,1
665,301230,NULL,NULL,6-Jun-14,1
666,301231,NULL,NULL,6-Jun-14,1
667,301232,NULL,NULL,6-Jun-14,1
668,301233,NULL,NULL,6-Jun-14,1
669,301234,NULL,NULL,6-Jun-14,1
670,301235,NULL,NULL,6-Jun-14,1
671,301236,NULL,NULL,6-Jun-14,1
672,301237,NULL,NULL,6-Jun-14,1
673,301238,NULL,NULL,6-Jun-14,1
674,301239,NULL,NULL,6-Jun-14,1
675,301240,NULL,NULL,6-Jun-14,1
676,301241,NULL,NULL,6-Jun-14,1
677,301242,NULL,NULL,6-Jun-14,1
678,301243,NULL,NULL,6-Jun-14,1
679,301244,NULL,NULL,6-Jun-14,1
680,301245,NULL,NULL,6-Jun-14,1
681,301246,NULL,NULL,6-Jun-14,1
682,301247,NULL,NULL,6-Jun-14,1
683,301248,NULL,NULL,6-Jun-14,1
684,301249,NULL,NULL,6-Jun-14,1
685,301250,NULL,NULL,6-Jun-14,1
686,301251,NULL,NULL,6-Jun-14,1
687,301252,NULL,NULL,6-Jun-14,1
688,301253,NULL,NULL,6-Jun-14,1
689,301254,NULL,NULL,6-Jun-14,1
690,301255,NULL,NULL,6-Jun-14,1
691,301256,NULL,NULL,6-Jun-14,1
692,301257,NULL,NULL,6-Jun-14,1
693,301258,NULL,NULL,6-Jun-14,1
694,301259,NULL,NULL,6-Jun-14,1
695,301260,NULL,NULL,6-Jun-14,1
696,301261,NULL,NULL,6-Jun-14,1
697,301262,NULL,NULL,6-Jun-14,1
698,301263,NULL,NULL,6-Jun-14,1
699,301264,NULL,NULL,6-Jun-14,1
700,301265,NULL,NULL,6-Jun-14,1
701,301266,NULL,NULL,6-Jun-14,1
702,301267,NULL,NULL,6-Jun-14,1
703,301268,NULL,NULL,6-Jun-14,1
704,301269,NULL,NULL,6-Jun-14,1
705,301270,NULL,NULL,6-Jun-14,1
706,301271,NULL,NULL,6-Jun-14,1
707,301272,NULL,NULL,6-Jun-14,1
708,301273,NULL,NULL,6-Jun-14,1
709,301274,NULL,NULL,6-Jun-14,1
710,301275,NULL,NULL,6-Jun-14,1
711,301276,NULL,NULL,6-Jun-14,1
712,301277,NULL,NULL,6-Jun-14,1
713,301278,NULL,NULL,6-Jun-14,1
714,301279,NULL,NULL,6-Jun-14,1
715,301280,NULL,NULL,6-Jun-14,1
716,301281,NULL,NULL,6-Jun-14,1
717,301282,NULL,NULL,6-Jun-14,1
718,301283,NULL,NULL,6-Jun-14,1
719,301284,NULL,NULL,6-Jun-14,1
720,301285,NULL,NULL,6-Jun-14,1
721,301286,NULL,NULL,6-Jun-14,1
722,301287,NULL,NULL,6-Jun-14,1
723,301288,Cancer,1-Jan-89,6-Jun-14,NULL
724,301289,NULL,NULL,6-Jun-14,1
725,301290,NULL,NULL,6-Jun-14,1
726,301291,NULL,NULL,6-Jun-14,1
727,301292,NULL,NULL,6-Jun-14,1
728,301293,NULL,NULL,6-Jun-14,1
729,301294,NULL,NULL,6-Jun-14,1
730,301295,NULL,NULL,6-Jun-14,1
731,301296,NULL,NULL,6-Jun-14,1
732,301297,NULL,NULL,6-Jun-14,1
733,301298,Cancer && Developmental,"August 20, 1999 && November 6, 1998",6-Jun-14,NULL
734,301299,NULL,NULL,6-Jun-14,1
735,301300,Cancer,1-Oct-94,6-Jun-14,NULL
736,301301,NULL,NULL,6-Jun-14,1
737,301302,NULL,NULL,6-Jun-14,1
738,301303,NULL,NULL,6-Jun-14,1
739,301304,NULL,NULL,6-Jun-14,1
740,301305,NULL,NULL,6-Jun-14,1
741,301306,NULL,NULL,6-Jun-14,1
742,301307,NULL,NULL,6-Jun-14,1
743,301308,NULL,NULL,6-Jun-14,1
744,301309,NULL,NULL,6-Jun-14,1
745,301310,NULL,NULL,6-Jun-14,1
746,301311,NULL,NULL,6-Jun-14,1
747,301312,NULL,NULL,6-Jun-14,1
748,301313,NULL,NULL,6-Jun-14,1
749,301314,NULL,NULL,6-Jun-14,1
750,301315,NULL,NULL,6-Jun-14,1
751,301316,NULL,NULL,6-Jun-14,1
752,301317,NULL,NULL,6-Jun-14,1
753,301318,NULL,NULL,6-Jun-14,1
754,301319,NULL,NULL,6-Jun-14,1
755,301320,NULL,NULL,6-Jun-14,1
756,301321,NULL,NULL,6-Jun-14,1
757,301322,Cancer,20-May-11,6-Jun-14,NULL
758,301323,NULL,NULL,6-Jun-14,1
759,301324,NULL,NULL,6-Jun-14,1
760,301325,NULL,NULL,6-Jun-14,1
761,301326,NULL,NULL,6-Jun-14,1
762,301327,Cancer,25-Feb-11,6-Jun-14,NULL
763,301328,NULL,NULL,6-Jun-14,1
764,301329,NULL,NULL,6-Jun-14,1
765,301330,NULL,NULL,6-Jun-14,1
766,301331,NULL,NULL,6-Jun-14,1
767,301332,NULL,NULL,6-Jun-14,1
768,301333,NULL,NULL,6-Jun-14,1
769,301334,NULL,NULL,6-Jun-14,1
770,301335,NULL,NULL,6-Jun-14,1
771,301336,NULL,NULL,6-Jun-14,1
772,301337,NULL,NULL,6-Jun-14,1
773,301338,NULL,NULL,6-Jun-14,1
774,301339,NULL,NULL,6-Jun-14,1
775,301340,NULL,NULL,6-Jun-14,1
776,301341,NULL,NULL,6-Jun-14,1
777,301342,NULL,NULL,6-Jun-14,1
778,301344,NULL,NULL,6-Jun-14,1
779,301345,NULL,NULL,6-Jun-14,1
780,301346,NULL,NULL,6-Jun-14,1
781,301347,NULL,NULL,6-Jun-14,1
782,301348,NULL,NULL,6-Jun-14,1
783,301349,NULL,NULL,6-Jun-14,1
784,301350,NULL,NULL,6-Jun-14,1
785,301351,NULL,NULL,6-Jun-14,1
786,301352,NULL,NULL,6-Jun-14,1
787,301353,NULL,NULL,6-Jun-14,1
788,301354,NULL,NULL,6-Jun-14,1
789,301355,NULL,NULL,6-Jun-14,1
790,301356,NULL,NULL,6-Jun-14,1
791,301357,NULL,NULL,6-Jun-14,1
792,301358,NULL,NULL,6-Jun-14,1
793,301359,NULL,NULL,6-Jun-14,1
794,301360,NULL,NULL,6-Jun-14,1
795,301361,NULL,NULL,6-Jun-14,1
796,301362,NULL,NULL,6-Jun-14,1
797,301363,NULL,NULL,6-Jun-14,1
798,301364,Developmental,18-May-99,6-Jun-14,NULL
799,301365,NULL,NULL,6-Jun-14,1
800,301366,NULL,NULL,6-Jun-14,1
801,301367,NULL,NULL,6-Jun-14,1
802,301368,NULL,NULL,6-Jun-14,1
803,301369,NULL,NULL,6-Jun-14,1
804,301370,NULL,NULL,6-Jun-14,1
805,301371,Cancer,6-Apr-10,6-Jun-14,NULL
806,301372,NULL,NULL,6-Jun-14,1
807,301373,Cancer && Developmental,"October 1, 1994 && June 15, 1999",6-Jun-14,NULL
808,301374,NULL,NULL,6-Jun-14,1
809,301375,NULL,NULL,6-Jun-14,1
810,301376,NULL,NULL,6-Jun-14,1
811,301377,Cancer && Developmental,"July 1, 2008 && November 6, 1998",6-Jun-14,NULL
812,301378,NULL,NULL,6-Jun-14,1
813,301379,cancer,15-Apr-11,6-Jun-14,NULL
814,301380,NULL,NULL,6-Jun-14,1
815,301381,NULL,NULL,6-Jun-14,1
816,301382,NULL,NULL,6-Jun-14,1
817,301383,NULL,NULL,6-Jun-14,1
818,301384,Developmental,27-Apr-99,6-Jun-14,NULL
819,301385,NULL,NULL,6-Jun-14,1
820,301386,NULL,NULL,6-Jun-14,1
821,301387,NULL,NULL,6-Jun-14,1
822,301388,NULL,NULL,6-Jun-14,1
823,301389,NULL,NULL,6-Jun-14,1
824,301390,NULL,NULL,6-Jun-14,1
825,301391,NULL,NULL,6-Jun-14,1
826,301392,NULL,NULL,6-Jun-14,1
827,301393,cancer,2-Jun-00,6-Jun-14,NULL
828,301394,NULL,NULL,6-Jun-14,1
829,301395,NULL,NULL,6-Jun-14,1
830,301396,NULL,NULL,6-Jun-14,1
831,301397,NULL,NULL,6-Jun-14,1
832,301398,NULL,NULL,6-Jun-14,1
833,301399,NULL,NULL,6-Jun-14,1
834,301400,NULL,NULL,6-Jun-14,1
835,301401,NULL,NULL,6-Jun-14,1
836,301402,NULL,NULL,6-Jun-14,1
837,301403,NULL,NULL,6-Jun-14,1
838,301404,Developmental,30-Mar-99,6-Jun-14,NULL
839,301405,NULL,NULL,6-Jun-14,1
840,301406,NULL,NULL,6-Jun-14,1
841,301407,Cancer,1-Jan-88,6-Jun-14,NULL
842,301408,NULL,NULL,6-Jun-14,1
843,301409,NULL,NULL,6-Jun-14,1
844,301410,NULL,NULL,6-Jun-14,1
845,301411,Cancer,12-Sep-08,6-Jun-14,NULL
846,301412,NULL,NULL,6-Jun-14,1
847,301413,Developmental,1-Apr-90,6-Jun-14,NULL
848,301414,NULL,NULL,6-Jun-14,1
849,301415,Cancer,1-Sep-96,6-Jun-14,NULL
850,301416,NULL,NULL,6-Jun-14,1
851,301417,NULL,NULL,6-Jun-14,1
852,301418,NULL,NULL,6-Jun-14,1
853,301419,NULL,NULL,6-Jun-14,1
854,301420,Male reproductive,24-Dec-99,6-Jun-14,NULL
855,301421,NULL,NULL,6-Jun-14,1
856,301422,NULL,NULL,6-Jun-14,1
857,301423,NULL,NULL,6-Jun-14,1
858,301424,NULL,NULL,6-Jun-14,1
859,301425,NULL,NULL,6-Jun-14,1
860,301426,NULL,NULL,6-Jun-14,1
861,301427,NULL,NULL,6-Jun-14,1
862,301428,NULL,NULL,6-Jun-14,1
863,301429,NULL,NULL,6-Jun-14,1
864,301430,NULL,NULL,6-Jun-14,1
865,301431,NULL,NULL,6-Jun-14,1
866,301432,NULL,NULL,6-Jun-14,1
867,301433,NULL,NULL,6-Jun-14,1
868,301434,NULL,NULL,6-Jun-14,1
869,301435,NULL,NULL,6-Jun-14,1
870,301436,NULL,NULL,6-Jun-14,1
871,301437,NULL,NULL,6-Jun-14,1
872,301438,Cancer,1-Jan-90,6-Jun-14,NULL
873,301439,NULL,NULL,6-Jun-14,1
874,301440,NULL,NULL,6-Jun-14,1
875,301441,NULL,NULL,6-Jun-14,1
876,301442,NULL,NULL,6-Jun-14,1
877,301443,NULL,NULL,6-Jun-14,1
878,301444,NULL,NULL,6-Jun-14,1
879,301445,NULL,NULL,6-Jun-14,1
880,301446,NULL,NULL,6-Jun-14,1
881,301447,NULL,NULL,6-Jun-14,1
882,301448,NULL,NULL,6-Jun-14,1
883,301449,NULL,NULL,6-Jun-14,1
884,301450,NULL,NULL,6-Jun-14,1
885,301451,NULL,NULL,6-Jun-14,1
886,301452,NULL,NULL,6-Jun-14,1
887,301453,NULL,NULL,6-Jun-14,1
888,301454,NULL,NULL,6-Jun-14,1
889,301455,NULL,NULL,6-Jun-14,1
890,301456,NULL,NULL,6-Jun-14,1
891,301457,NULL,NULL,6-Jun-14,1
892,301458,NULL,NULL,6-Jun-14,1
893,301459,NULL,NULL,6-Jun-14,1
894,301460,NULL,NULL,6-Jun-14,1
895,301461,NULL,NULL,6-Jun-14,1
896,301462,NULL,NULL,6-Jun-14,1
897,301463,NULL,NULL,6-Jun-14,1
898,301464,NULL,NULL,6-Jun-14,1
899,301465,NULL,NULL,6-Jun-14,1
900,301466,NULL,NULL,6-Jun-14,1
901,301467,NULL,NULL,6-Jun-14,1
902,301468,NULL,NULL,6-Jun-14,1
903,301474,NULL,NULL,6-Jun-14,1
904,301475,NULL,NULL,6-Jun-14,1
905,301476,NULL,NULL,6-Jun-14,1
906,301477,Cancer,1-Apr-92,6-Jun-14,NULL
907,301478,NULL,NULL,6-Jun-14,1
908,301479,NULL,NULL,6-Jun-14,1
909,301480,NULL,NULL,6-Jun-14,1
910,301481,NULL,NULL,6-Jun-14,1
911,301482,NULL,NULL,6-Jun-14,1
912,301483,NULL,NULL,6-Jun-14,1
913,301484,NULL,NULL,6-Jun-14,1
914,301485,NULL,NULL,6-Jun-14,1
915,301486,NULL,NULL,6-Jun-14,1
916,301487,NULL,NULL,6-Jun-14,1
917,301488,NULL,NULL,6-Jun-14,1
918,301489,NULL,NULL,6-Jun-14,1
919,301490,NULL,NULL,6-Jun-14,1
920,301491,NULL,NULL,6-Jun-14,1
921,301492,NULL,NULL,6-Jun-14,1
922,301493,NULL,NULL,6-Jun-14,1
923,301494,NULL,NULL,6-Jun-14,1
924,301495,NULL,NULL,6-Jun-14,1
925,301496,NULL,NULL,6-Jun-14,1
926,301497,NULL,NULL,6-Jun-14,1
927,301498,NULL,NULL,6-Jun-14,1
928,301499,NULL,NULL,6-Jun-14,1
929,301500,NULL,NULL,6-Jun-14,1
930,301501,NULL,NULL,6-Jun-14,1
931,301502,NULL,NULL,6-Jun-14,1
932,301503,NULL,NULL,6-Jun-14,1
933,301504,NULL,NULL,6-Jun-14,1
934,301505,NULL,NULL,6-Jun-14,1
935,301506,NULL,NULL,6-Jun-14,1
936,301507,NULL,NULL,6-Jun-14,1
937,301508,NULL,NULL,6-Jun-14,1
938,301509,NULL,NULL,6-Jun-14,1
939,301510,NULL,NULL,6-Jun-14,1
940,301511,NULL,NULL,6-Jun-14,1
941,301512,NULL,NULL,6-Jun-14,1
942,301513,Cancer,1-May-96,6-Jun-14,NULL
943,301514,NULL,NULL,6-Jun-14,1
944,301515,NULL,NULL,6-Jun-14,1
945,301516,NULL,NULL,6-Jun-14,1
946,301517,NULL,NULL,6-Jun-14,1
947,301518,NULL,NULL,6-Jun-14,1
948,301519,NULL,NULL,6-Jun-14,1
949,301520,NULL,NULL,6-Jun-14,1
950,301521,NULL,NULL,6-Jun-14,1
951,301522,NULL,NULL,6-Jun-14,1
952,301523,NULL,NULL,6-Jun-14,1
953,301524,NULL,NULL,6-Jun-14,1
954,301525,NULL,NULL,6-Jun-14,1
955,301526,NULL,NULL,6-Jun-14,1
956,301527,NULL,NULL,6-Jun-14,1
957,301528,NULL,NULL,6-Jun-14,1
958,301529,NULL,NULL,6-Jun-14,1
959,301530,NULL,NULL,6-Jun-14,1
960,301531,NULL,NULL,6-Jun-14,1
961,301532,NULL,NULL,6-Jun-14,1
962,301533,NULL,NULL,6-Jun-14,1
963,301534,NULL,NULL,6-Jun-14,1
964,301535,NULL,NULL,6-Jun-14,1
965,301536,NULL,NULL,6-Jun-14,1
966,301537,NULL,NULL,6-Jun-14,1
967,301538,NULL,NULL,6-Jun-14,1
968,301539,NULL,NULL,6-Jun-14,1
969,301540,NULL,NULL,6-Jun-14,1
970,301541,NULL,NULL,6-Jun-14,1
971,301542,NULL,NULL,6-Jun-14,1
972,301543,Cancer,22-Dec-00,6-Jun-14,NULL
973,301544,NULL,NULL,6-Jun-14,1
974,301545,NULL,NULL,6-Jun-14,1
975,301546,NULL,NULL,6-Jun-14,1
976,301547,NULL,NULL,6-Jun-14,1
977,301548,NULL,NULL,6-Jun-14,1
978,301549,NULL,NULL,6-Jun-14,1
979,301550,NULL,NULL,6-Jun-14,1
980,301551,NULL,NULL,6-Jun-14,1
981,301552,NULL,NULL,6-Jun-14,1
982,301553,NULL,NULL,6-Jun-14,1
983,301554,NULL,NULL,6-Jun-14,1
984,301555,NULL,NULL,6-Jun-14,1
985,301556,NULL,NULL,6-Jun-14,1
986,301557,NULL,NULL,6-Jun-14,1
987,301558,NULL,NULL,6-Jun-14,1
988,301559,NULL,NULL,6-Jun-14,1
989,301560,NULL,NULL,6-Jun-14,1
990,301561,NULL,NULL,6-Jun-14,1
991,301562,NULL,NULL,6-Jun-14,1
992,301563,NULL,NULL,6-Jun-14,1
993,301564,NULL,NULL,6-Jun-14,1
994,301565,NULL,NULL,6-Jun-14,1
995,301566,NULL,NULL,6-Jun-14,1
996,301567,NULL,NULL,6-Jun-14,1
997,301568,NULL,NULL,6-Jun-14,1
998,301569,Cancer,1-Jul-08,6-Jun-14,NULL
999,301570,NULL,NULL,6-Jun-14,1
1000,301571,NULL,NULL,6-Jun-14,1
1001,301572,NULL,NULL,6-Jun-14,1
1002,301573,NULL,NULL,6-Jun-14,1
1003,301574,NULL,NULL,6-Jun-14,1
1004,301575,NULL,NULL,6-Jun-14,1
1005,301576,NULL,NULL,6-Jun-14,1
1006,301577,NULL,NULL,6-Jun-14,1
1007,301578,NULL,NULL,6-Jun-14,1
1008,301579,Cancer,1-Jun-07,6-Jun-14,NULL
1009,301580,NULL,NULL,6-Jun-14,1
1010,301581,NULL,NULL,6-Jun-14,1
1011,301582,NULL,NULL,6-Jun-14,1
1012,301583,NULL,NULL,6-Jun-14,1
1013,301584,NULL,NULL,6-Jun-14,1
1014,301585,NULL,NULL,6-Jun-14,1
1015,301586,NULL,NULL,6-Jun-14,1
1016,301587,Cancer,3-Feb-12,6-Jun-14,NULL
1017,301588,NULL,NULL,6-Jun-14,1
1018,301589,NULL,NULL,6-Jun-14,1
1019,301590,NULL,NULL,6-Jun-14,1
1020,301591,NULL,NULL,6-Jun-14,1
1021,301592,NULL,NULL,6-Jun-14,1
1022,301593,Cancer,1-Jul-87,6-Jun-14,NULL
1023,301594,NULL,NULL,6-Jun-14,1
1024,301595,NULL,NULL,6-Jun-14,1
1025,301596,NULL,NULL,6-Jun-14,1
1026,301597,NULL,NULL,6-Jun-14,1
1027,301598,Cancer && Developmental,"January 1, 1988 && October 1, 1994",6-Jun-14,NULL
1028,301599,NULL,NULL,6-Jun-14,1
1029,301600,NULL,NULL,6-Jun-14,1
1030,301601,NULL,NULL,6-Jun-14,1
1031,301602,NULL,NULL,6-Jun-14,1
1032,301603,NULL,NULL,6-Jun-14,1
1033,301604,NULL,NULL,6-Jun-14,1
1034,301605,NULL,NULL,6-Jun-14,1
1035,301606,"Female reproductive, Male reproductive",2-Dec-05,6-Jun-14,NULL
1036,301607,NULL,NULL,6-Jun-14,1
1037,301608,NULL,NULL,6-Jun-14,1
1038,301609,NULL,NULL,6-Jun-14,1
1039,301610,NULL,NULL,6-Jun-14,1
1040,301611,NULL,NULL,6-Jun-14,1
1041,301612,NULL,NULL,6-Jun-14,1
1042,301613,NULL,NULL,6-Jun-14,1
1043,301614,NULL,NULL,6-Jun-14,1
1044,301615,NULL,NULL,6-Jun-14,1
1045,301616,NULL,NULL,6-Jun-14,1
1046,301617,NULL,NULL,6-Jun-14,1
1047,301618,NULL,NULL,6-Jun-14,1
1048,301619,NULL,NULL,6-Jun-14,1
1049,301620,Cancer,15-May-98,6-Jun-14,NULL
1050,301621,NULL,NULL,6-Jun-14,1
1051,301622,NULL,NULL,6-Jun-14,1
1052,301623,NULL,NULL,6-Jun-14,1
1053,301624,NULL,NULL,6-Jun-14,1
1054,301625,NULL,NULL,6-Jun-14,1
1055,301626,NULL,NULL,6-Jun-14,1
1056,301627,NULL,NULL,6-Jun-14,1
1057,301628,NULL,NULL,6-Jun-14,1
1058,301629,NULL,NULL,6-Jun-14,1
1059,301630,NULL,NULL,6-Jun-14,1
1060,301631,NULL,NULL,6-Jun-14,1
1061,301632,NULL,NULL,6-Jun-14,1
1062,301633,NULL,NULL,6-Jun-14,1
1063,301634,NULL,NULL,6-Jun-14,1
1064,301635,NULL,NULL,6-Jun-14,1
1065,301636,NULL,NULL,6-Jun-14,1
1066,301637,NULL,NULL,6-Jun-14,1
1067,301638,NULL,NULL,6-Jun-14,1
1068,301639,NULL,NULL,6-Jun-14,1
1069,301640,NULL,NULL,6-Jun-14,1
1070,301641,NULL,NULL,6-Jun-14,1
1071,301642,NULL,NULL,6-Jun-14,1
1072,301643,NULL,NULL,6-Jun-14,1
1073,301644,NULL,NULL,6-Jun-14,1
1074,301645,NULL,NULL,6-Jun-14,1
1075,301646,NULL,NULL,6-Jun-14,1
1076,301647,Cancer,1-Jan-89,6-Jun-14,NULL
1077,301648,Cancer && Developmental,"January 1, 1988 && October 1, 1994",6-Jun-14,NULL
1078,301649,NULL,NULL,6-Jun-14,1
1079,301650,NULL,NULL,6-Jun-14,1
1080,301651,NULL,NULL,6-Jun-14,1
1081,301652,NULL,NULL,6-Jun-14,1
1082,301653,NULL,NULL,6-Jun-14,1
1083,301654,NULL,NULL,6-Jun-14,1
1084,301655,NULL,NULL,6-Jun-14,1
1085,301656,Developmental,26-Mar-99,6-Jun-14,NULL
1086,301657,NULL,NULL,6-Jun-14,1
1087,301658,Cancer,8-Oct-10,6-Jun-14,NULL
1088,301659,NULL,NULL,6-Jun-14,1
1089,301660,NULL,NULL,6-Jun-14,1
1090,301661,NULL,NULL,6-Jun-14,1
1091,301662,NULL,NULL,6-Jun-14,1
1092,301663,NULL,NULL,6-Jun-14,1
1093,301664,NULL,NULL,6-Jun-14,1
1094,301665,NULL,NULL,6-Jun-14,1
1095,301666,NULL,NULL,6-Jun-14,1
1096,301667,NULL,NULL,6-Jun-14,1
1097,301668,NULL,NULL,6-Jun-14,1
1098,301669,NULL,NULL,6-Jun-14,1
1099,301670,NULL,NULL,6-Jun-14,1
1100,301671,NULL,NULL,6-Jun-14,1
1101,301672,NULL,NULL,6-Jun-14,1
1102,301673,NULL,NULL,6-Jun-14,1
1103,301674,NULL,NULL,6-Jun-14,1
1104,301675,NULL,NULL,6-Jun-14,1
1105,301676,NULL,NULL,6-Jun-14,1
1106,301677,NULL,NULL,6-Jun-14,1
1107,301678,NULL,NULL,6-Jun-14,1
1108,301679,NULL,NULL,6-Jun-14,1
1109,301680,Cancer && Developmental,"January 1, 1988 && October 1, 1994",6-Jun-14,NULL
1110,301681,NULL,NULL,6-Jun-14,1
1111,301682,NULL,NULL,6-Jun-14,1
1112,301683,NULL,NULL,6-Jun-14,1
1113,301684,NULL,NULL,6-Jun-14,1
1114,301685,NULL,NULL,6-Jun-14,1
1115,301686,NULL,NULL,6-Jun-14,1
1116,301687,NULL,NULL,6-Jun-14,1
1117,301688,NULL,NULL,6-Jun-14,1
1118,301689,NULL,NULL,6-Jun-14,1
1119,301690,NULL,NULL,6-Jun-14,1
1120,301691,NULL,NULL,6-Jun-14,1
1121,301692,NULL,NULL,6-Jun-14,1
1122,301693,NULL,NULL,6-Jun-14,1
1123,301694,NULL,NULL,6-Jun-14,1
1124,301695,NULL,NULL,6-Jun-14,1
1125,301696,NULL,NULL,6-Jun-14,1
1126,301697,NULL,NULL,6-Jun-14,1
1127,301698,NULL,NULL,6-Jun-14,1
1128,301699,NULL,NULL,6-Jun-14,1
1129,301700,NULL,NULL,6-Jun-14,1
1130,301701,NULL,NULL,6-Jun-14,1
1131,301702,NULL,NULL,6-Jun-14,1
1132,301703,NULL,NULL,6-Jun-14,1
1133,301704,NULL,NULL,6-Jun-14,1
1134,301705,Cancer,22-Mar-11,6-Jun-14,NULL
1135,301706,NULL,NULL,6-Jun-14,1
1136,301707,NULL,NULL,6-Jun-14,1
1137,301708,NULL,NULL,6-Jun-14,1
1138,301709,NULL,NULL,6-Jun-14,1
1139,301710,NULL,NULL,6-Jun-14,1
1140,301711,NULL,NULL,6-Jun-14,1
1141,301712,NULL,NULL,6-Jun-14,1
1142,301713,NULL,NULL,6-Jun-14,1
1143,301714,NULL,NULL,6-Jun-14,1
1144,301715,NULL,NULL,6-Jun-14,1
1145,301716,NULL,NULL,6-Jun-14,1
1146,301717,NULL,NULL,6-Jun-14,1
1147,301721,NULL,NULL,6-Jun-14,1
1148,301724,NULL,NULL,6-Jun-14,1
1149,301725,NULL,NULL,6-Jun-14,1
1150,301726,NULL,NULL,6-Jun-14,1
1151,301727,Cancer,1-Oct-90,6-Jun-14,NULL
1152,301728,NULL,NULL,6-Jun-14,1
1153,301729,NULL,NULL,6-Jun-14,1
1154,301730,NULL,NULL,6-Jun-14,1
1155,301731,NULL,NULL,6-Jun-14,1
1156,301732,NULL,NULL,6-Jun-14,1
1157,301733,Cancer,1-Oct-90,6-Jun-14,NULL
1158,301734,NULL,NULL,6-Jun-14,1
1159,301735,NULL,NULL,6-Jun-14,1
1160,301736,NULL,NULL,6-Jun-14,1
1161,301737,Cancer,2-Nov-12,6-Jun-14,NULL
1162,301739,NULL,NULL,6-Jun-14,1
1163,301740,NULL,NULL,6-Jun-14,1
1164,301741,NULL,NULL,6-Jun-14,1
1165,301742,NULL,NULL,6-Jun-14,1
1166,301743,NULL,NULL,6-Jun-14,1
1167,301746,NULL,NULL,6-Jun-14,1
1168,301747,NULL,NULL,6-Jun-14,1
1169,301748,NULL,NULL,6-Jun-14,1
1170,301749,NULL,NULL,6-Jun-14,1
1171,301750,NULL,NULL,6-Jun-14,1
1172,301751,NULL,NULL,6-Jun-14,1
1173,301752,NULL,NULL,6-Jun-14,1
1174,301753,NULL,NULL,6-Jun-14,1
1175,301754,NULL,NULL,6-Jun-14,1
1176,301755,NULL,NULL,6-Jun-14,1
1177,301756,NULL,NULL,6-Jun-14,1
1178,301757,NULL,NULL,6-Jun-14,1
1179,301758,NULL,NULL,6-Jun-14,1
1180,301769,NULL,NULL,6-Jun-14,1
1181,301770,NULL,NULL,6-Jun-14,1
1182,301771,NULL,NULL,6-Jun-14,1
1183,301772,NULL,NULL,6-Jun-14,1
1184,301773,NULL,NULL,6-Jun-14,1
1185,301774,NULL,NULL,6-Jun-14,1
1186,301775,NULL,NULL,6-Jun-14,1
1187,301776,NULL,NULL,6-Jun-14,1
1188,301777,NULL,NULL,6-Jun-14,1
1189,301778,NULL,NULL,6-Jun-14,1
1190,301779,NULL,NULL,6-Jun-14,1
1191,301780,NULL,NULL,6-Jun-14,1
1192,301781,NULL,NULL,6-Jun-14,1
1193,301782,NULL,NULL,6-Jun-14,1
1194,301783,NULL,NULL,6-Jun-14,1
1195,301784,NULL,NULL,6-Jun-14,1
1196,301785,NULL,NULL,6-Jun-14,1
1197,301786,NULL,NULL,6-Jun-14,1
1198,301787,NULL,NULL,6-Jun-14,1
1199,301788,NULL,NULL,6-Jun-14,1
1200,301789,NULL,NULL,6-Jun-14,1
1201,301790,NULL,NULL,6-Jun-14,1
1202,301791,NULL,NULL,6-Jun-14,1
1203,301792,NULL,NULL,6-Jun-14,1
1204,301793,NULL,NULL,6-Jun-14,1
1205,301794,NULL,NULL,6-Jun-14,1
1206,301795,NULL,NULL,6-Jun-14,1
1207,301796,NULL,NULL,6-Jun-14,1
1208,301797,NULL,NULL,6-Jun-14,1
1209,301798,NULL,NULL,6-Jun-14,1
1210,301799,NULL,NULL,6-Jun-14,1
1211,301800,NULL,NULL,6-Jun-14,1
1212,301830,NULL,NULL,6-Jun-14,1
1213,301831,NULL,NULL,6-Jun-14,1
1214,301832,NULL,NULL,6-Jun-14,1
1215,301833,NULL,NULL,6-Jun-14,1
1216,302066,NULL,NULL,6-Jun-14,1
1217,302067,NULL,NULL,6-Jun-14,1
1218,302068,NULL,NULL,6-Jun-14,1
1219,302069,NULL,NULL,6-Jun-14,1
1220,302070,NULL,NULL,6-Jun-14,1
1221,302071,NULL,NULL,6-Jun-14,1
1222,302072,NULL,NULL,6-Jun-14,1
1223,302073,NULL,NULL,6-Jun-14,1
1224,302074,NULL,NULL,6-Jun-14,1
1225,302075,NULL,NULL,6-Jun-14,1
1226,302076,NULL,NULL,6-Jun-14,1
1227,302077,NULL,NULL,6-Jun-14,1
1228,302078,NULL,NULL,6-Jun-14,1
1229,302079,NULL,NULL,6-Jun-14,1
1230,302080,NULL,NULL,6-Jun-14,1
1231,302081,NULL,NULL,6-Jun-14,1
1232,302082,NULL,NULL,6-Jun-14,1
1233,302083,NULL,NULL,6-Jun-14,1
1234,302084,NULL,NULL,6-Jun-14,1
1235,302085,NULL,NULL,6-Jun-14,1
1236,302086,NULL,NULL,6-Jun-14,1
1237,302088,NULL,NULL,6-Jun-14,1
1238,302089,NULL,NULL,6-Jun-14,1
1239,302095,NULL,NULL,6-Jun-14,1
1240,302096,NULL,NULL,6-Jun-14,1
1241,302097,NULL,NULL,6-Jun-14,1
1242,302100,NULL,NULL,6-Jun-14,1
1243,302101,NULL,NULL,6-Jun-14,1
1244,302298,Cancer,1-Apr-88,6-Jun-14,NULL
1245,302299,NULL,NULL,6-Jun-14,1
1246,302300,NULL,NULL,6-Jun-14,1
1247,302301,NULL,NULL,6-Jun-14,1
1248,302555,Cancer && Developmental,"January 1, 1988 && October 1, 1994",6-Jun-14,NULL
1249,302556,Cancer && Developmental,"January 1, 1988 && October 1, 1994",6-Jun-14,NULL
1250,302557,Cancer && Developmental,"January 1, 1988 && October 1, 1994",6-Jun-14,NULL
1251,302558,Cancer && Developmental,"January 1, 1988 && October 1, 1994",6-Jun-14,NULL
1252,302559,Cancer && Developmental,"January 1, 1988 && October 1, 1994",6-Jun-14,NULL
1253,302560,Cancer && Developmental,"January 1, 1988 && October 1, 1994",6-Jun-14,NULL
1254,302561,Cancer && Developmental,"January 1, 1988 && October 1, 1994",6-Jun-14,NULL
1255,302562,Cancer && Developmental,"January 1, 1988 && October 1, 1994",6-Jun-14,NULL
1256,302563,Cancer && Developmental,"January 1, 1988 && October 1, 1994",6-Jun-14,NULL
1257,302564,Cancer && Developmental,"January 1, 1988 && October 1, 1994",6-Jun-14,NULL
1258,302565,Cancer && Developmental,"January 1, 1988 && October 1, 1994",6-Jun-14,NULL
1259,302567,Cancer && Developmental,"January 1, 1988 && October 1, 1994",6-Jun-14,NULL
1260,302568,Cancer && Developmental,"January 1, 1988 && October 1, 1994",6-Jun-14,NULL
1261,302569,Cancer && Developmental,"January 1, 1988 && October 1, 1994",6-Jun-14,NULL
1262,302570,Cancer && Developmental,"January 1, 1988 && October 1, 1994",6-Jun-14,NULL
1263,302571,Cancer && Developmental,"January 1, 1988 && October 1, 1994",6-Jun-14,NULL
1264,302572,Cancer && Developmental,"January 1, 1988 && October 1, 1994",6-Jun-14,NULL
1265,302573,Cancer && Developmental,"January 1, 1988 && October 1, 1994",6-Jun-14,NULL
1266,302574,Cancer && Developmental,"January 1, 1988 && October 1, 1994",6-Jun-14,NULL
1267,302575,Cancer && Developmental,"January 1, 1988 && October 1, 1994",6-Jun-14,NULL
1268,302576,Cancer && Developmental,"January 1, 1988 && October 1, 1994",6-Jun-14,NULL
1269,302577,Cancer && Developmental,"January 1, 1988 && October 1, 1994",6-Jun-14,NULL
1270,302578,Cancer && Developmental,"January 1, 1988 && October 1, 1994",6-Jun-14,NULL
1271,302579,Cancer && Developmental,"January 1, 1988 && October 1, 1994",6-Jun-14,NULL
1272,302580,Cancer && Developmental,"January 1, 1988 && October 1, 1994",6-Jun-14,NULL
1273,302581,Cancer && Developmental,"January 1, 1988 && October 1, 1994",6-Jun-14,NULL
1274,302582,Cancer && Developmental,"January 1, 1988 && October 1, 1994",6-Jun-14,NULL
1275,302584,Cancer && Developmental,"January 1, 1988 && October 1, 1994",6-Jun-14,NULL
1276,302663,NULL,NULL,6-Jun-14,1
1277,302664,NULL,NULL,6-Jun-14,1
1278,302665,NULL,NULL,6-Jun-14,1
1279,302666,NULL,NULL,6-Jun-14,1
1280,302667,NULL,NULL,6-Jun-14,1
1281,302668,NULL,NULL,6-Jun-14,1
1282,302669,NULL,NULL,6-Jun-14,1
1283,302670,NULL,NULL,6-Jun-14,1
1284,302671,NULL,NULL,6-Jun-14,1
1285,302672,NULL,NULL,6-Jun-14,1
1286,302673,NULL,NULL,6-Jun-14,1
1287,302674,NULL,NULL,6-Jun-14,1
1288,302675,NULL,NULL,6-Jun-14,1
1289,302676,NULL,NULL,6-Jun-14,1
1290,302677,NULL,NULL,6-Jun-14,1
1291,302678,NULL,NULL,6-Jun-14,1
1292,302679,NULL,NULL,6-Jun-14,1
1293,302680,NULL,NULL,6-Jun-14,1
1294,302681,NULL,NULL,6-Jun-14,1
1295,302682,NULL,NULL,6-Jun-14,1
1296,302683,NULL,NULL,6-Jun-14,1
1297,302684,NULL,NULL,6-Jun-14,1
1298,302685,NULL,NULL,6-Jun-14,1
1299,302686,NULL,NULL,6-Jun-14,1
1300,90,NULL,NULL,6-Jun-14,1
1301,118,NULL,NULL,6-Jun-14,1
1302,186,NULL,NULL,6-Jun-14,1
1303,437,NULL,NULL,6-Jun-14,1
1304,301763,NULL,NULL,6-Jun-14,1
1305,302170,NULL,NULL,6-Jun-14,1
1306,302171,NULL,NULL,6-Jun-14,1
1307,302503,NULL,NULL,6-Jun-14,1
1308,302586,NULL,NULL,6-Jun-14,1
1309,302587,NULL,NULL,6-Jun-14,1
1310,302588,NULL,NULL,6-Jun-14,1
1311,302589,NULL,NULL,6-Jun-14,1
1312,302590,NULL,NULL,6-Jun-14,1
1313,302591,NULL,NULL,6-Jun-14,1
1314,302592,NULL,NULL,6-Jun-14,1
1315,302593,NULL,NULL,6-Jun-14,1
1316,302600,NULL,NULL,6-Jun-14,1
1317,302601,NULL,NULL,6-Jun-14,1
1318,302602,NULL,NULL,6-Jun-14,1
1319,302603,NULL,NULL,6-Jun-14,1
1320,302604,NULL,NULL,6-Jun-14,1
1321,302605,NULL,NULL,6-Jun-14,1
1322,302606,NULL,NULL,6-Jun-14,1
1323,302607,NULL,NULL,6-Jun-14,1
1324,302608,NULL,NULL,6-Jun-14,1
1325,302610,NULL,NULL,6-Jun-14,1
1326,302612,NULL,NULL,6-Jun-14,1
1327,302613,NULL,NULL,6-Jun-14,1
1328,302615,NULL,NULL,6-Jun-14,1
1329,302616,NULL,NULL,6-Jun-14,1
1330,302617,NULL,NULL,6-Jun-14,1
1331,302623,NULL,NULL,6-Jun-14,1
1332,302626,NULL,NULL,6-Jun-14,1
1333,302627,NULL,NULL,6-Jun-14,1
1334,302635,NULL,NULL,6-Jun-14,1
1335,302636,NULL,NULL,6-Jun-14,1
1336,302637,NULL,NULL,6-Jun-14,1
1337,302638,NULL,NULL,6-Jun-14,1
1338,302639,NULL,NULL,6-Jun-14,1
1339,302640,NULL,NULL,6-Jun-14,1
1340,302641,NULL,NULL,6-Jun-14,1
1341,302642,NULL,NULL,6-Jun-14,1
1342,302643,NULL,NULL,6-Jun-14,1
1343,302645,NULL,NULL,6-Jun-14,1
1344,302647,NULL,NULL,6-Jun-14,1
1345,302648,NULL,NULL,6-Jun-14,1
1346,302649,NULL,NULL,6-Jun-14,1
1347,302650,NULL,NULL,6-Jun-14,1
1348,302651,NULL,NULL,6-Jun-14,1
1349,302652,NULL,NULL,6-Jun-14,1
1350,302653,NULL,NULL,6-Jun-14,1
1351,302654,NULL,NULL,6-Jun-14,1
1352,302655,NULL,NULL,6-Jun-14,1
1353,302661,NULL,NULL,6-Jun-14,1
1354,302662,NULL,NULL,6-Jun-14,1
1355,302706,NULL,NULL,6-Jun-14,1
1356,302707,NULL,NULL,6-Jun-14,1
1357,302708,NULL,NULL,6-Jun-14,1
1358,302709,NULL,NULL,6-Jun-14,1
1359,302710,NULL,NULL,6-Jun-14,1
1360,302711,NULL,NULL,6-Jun-14,1
1361,302712,NULL,NULL,6-Jun-14,1
1362,302713,NULL,NULL,6-Jun-14,1
1363,302714,NULL,NULL,6-Jun-14,1
1364,302715,NULL,NULL,6-Jun-14,1
1365,302716,NULL,NULL,6-Jun-14,1
1366,302717,NULL,NULL,6-Jun-14,1
1367,302718,NULL,NULL,6-Jun-14,1
1368,302719,NULL,NULL,6-Jun-14,1
1369,302720,NULL,NULL,6-Jun-14,1
1370,302721,NULL,NULL,6-Jun-14,1
1371,302722,NULL,NULL,6-Jun-14,1
1372,302723,NULL,NULL,6-Jun-14,1
1373,302724,NULL,NULL,6-Jun-14,1
1374,302725,NULL,NULL,6-Jun-14,1
1375,302726,NULL,NULL,6-Jun-14,1
1376,302727,NULL,NULL,6-Jun-14,1
1377,302728,NULL,NULL,6-Jun-14,1
1378,302729,NULL,NULL,6-Jun-14,1
1379,302730,NULL,NULL,6-Jun-14,1
1380,302731,NULL,NULL,6-Jun-14,1
1381,302732,NULL,NULL,6-Jun-14,1
1382,302733,NULL,NULL,6-Jun-14,1
1383,302734,NULL,NULL,6-Jun-14,1
1384,302735,NULL,NULL,6-Jun-14,1
1385,302736,NULL,NULL,6-Jun-14,1
1386,302737,NULL,NULL,6-Jun-14,1
1387,302738,NULL,NULL,6-Jun-14,1
1388,302739,NULL,NULL,6-Jun-14,1
1389,302740,NULL,NULL,6-Jun-14,1
1390,302741,NULL,NULL,6-Jun-14,1
1391,302742,NULL,NULL,6-Jun-14,1
1392,302751,NULL,NULL,6-Jun-14,1
1393,302752,NULL,NULL,6-Jun-14,1
1394,302753,NULL,NULL,6-Jun-14,1
1395,302754,NULL,NULL,6-Jun-14,1
1396,302755,NULL,NULL,6-Jun-14,1
1397,302756,NULL,NULL,6-Jun-14,1
1398,302757,NULL,NULL,6-Jun-14,1
1399,302758,NULL,NULL,6-Jun-14,1
1400,302759,NULL,NULL,6-Jun-14,1
1401,302760,NULL,NULL,6-Jun-14,1
1402,302761,NULL,NULL,6-Jun-14,1
1403,302762,NULL,NULL,6-Jun-14,1
1404,302763,NULL,NULL,6-Jun-14,1
1405,302764,NULL,NULL,6-Jun-14,1
1406,302765,NULL,NULL,6-Jun-14,1
1407,302766,NULL,NULL,6-Jun-14,1
1408,302767,NULL,NULL,6-Jun-14,1
1409,302768,NULL,NULL,6-Jun-14,1
1410,302769,NULL,NULL,6-Jun-14,1
1411,302770,NULL,NULL,6-Jun-14,1
1412,302771,NULL,NULL,6-Jun-14,1
1413,302772,NULL,NULL,6-Jun-14,1
1414,302773,NULL,NULL,6-Jun-14,1
1415,302774,NULL,NULL,6-Jun-14,1
1416,302776,NULL,NULL,6-Jun-14,1
1417,302849,NULL,NULL,6-Jun-14,1
1418,302850,NULL,NULL,6-Jun-14,1
