recordID,masterParameterID,IRIS_Summary,Iris_ID,Last_Significant_Revision,QuickView
1,32,http://www.epa.gov/iris/subst/0119.htm,119,5/1/1992,http://cfpub.epa.gov/ncea/iris/index.cfm?fuseaction=iris.showQuickView&substance_nmbr=0119
2,34,http://www.epa.gov/iris/subst/0414.htm,414,10/1/1991,http://cfpub.epa.gov/ncea/iris/index.cfm?fuseaction=iris.showQuickView&substance_nmbr=0414
3,36,http://www.epa.gov/iris/subst/0408.htm,408,11/1/1990,http://cfpub.epa.gov/ncea/iris/index.cfm?fuseaction=iris.showQuickView&substance_nmbr=0408
4,48,http://www.epa.gov/iris/subst/0447.htm,447,9/1/1990,http://cfpub.epa.gov/ncea/iris/index.cfm?fuseaction=iris.showQuickView&substance_nmbr=0447
5,54,http://www.epa.gov/iris/subst/0552.htm,552,1/1/1994,http://cfpub.epa.gov/ncea/iris/index.cfm?fuseaction=iris.showQuickView&substance_nmbr=0552
6,69,NULL,NULL,NULL,NULL
7,70,NULL,NULL,NULL,NULL
8,84,http://www.epa.gov/iris/subst/0294.htm,294,10/1/1996,http://cfpub.epa.gov/ncea/iris/index.cfm?fuseaction=iris.showQuickView&substance_nmbr=0294
9,85,http://www.epa.gov/iris/subst/0294.htm,294,10/1/1996,http://cfpub.epa.gov/ncea/iris/index.cfm?fuseaction=iris.showQuickView&substance_nmbr=0294
10,89,http://www.epa.gov/iris/subst/0108.htm,108,3/1/1988,http://cfpub.epa.gov/ncea/iris/index.cfm?fuseaction=iris.showQuickView&substance_nmbr=0108
11,92,http://www.epa.gov/iris/subst/1024.htm,1024,2/17/2012,http://cfpub.epa.gov/ncea/iris/index.cfm?fuseaction=iris.showQuickView&substance_nmbr=1024
12,101,http://www.epa.gov/iris/subst/0121.htm,121,7/1/1991,http://cfpub.epa.gov/ncea/iris/index.cfm?fuseaction=iris.showQuickView&substance_nmbr=0121
13,102,NULL,NULL,NULL,NULL
14,104,http://www.epa.gov/iris/subst/0122.htm,122,7/1/1991,http://cfpub.epa.gov/ncea/iris/index.cfm?fuseaction=iris.showQuickView&substance_nmbr=0122
15,109,http://www.epa.gov/iris/subst/0041.htm,41,3/1/1988,http://cfpub.epa.gov/ncea/iris/index.cfm?fuseaction=iris.showQuickView&substance_nmbr=0041
16,111,http://www.epa.gov/iris/subst/0466.htm,466,11/1/1990,http://cfpub.epa.gov/ncea/iris/index.cfm?fuseaction=iris.showQuickView&substance_nmbr=0466
17,114,NULL,NULL,NULL,NULL
18,115,NULL,NULL,NULL,NULL
19,116,NULL,NULL,NULL,NULL
20,134,http://www.epa.gov/iris/subst/0303.htm,303,8/22/1988,http://cfpub.epa.gov/ncea/iris/index.cfm?fuseaction=iris.showQuickView&substance_nmbr=0303
21,146,http://www.epa.gov/iris/subst/1006.htm,1006,12/22/2003,http://cfpub.epa.gov/ncea/iris/index.cfm?fuseaction=iris.showQuickView&substance_nmbr=1006
22,148,http://www.epa.gov/iris/subst/0300.htm,300,4/1/1992,http://cfpub.epa.gov/ncea/iris/index.cfm?fuseaction=iris.showQuickView&substance_nmbr=0300
23,152,NULL,NULL,NULL,NULL
24,160,NULL,NULL,NULL,NULL
25,165,NULL,NULL,NULL,NULL
26,167,http://www.epa.gov/iris/subst/0301.htm,301,4/1/1992,http://cfpub.epa.gov/ncea/iris/index.cfm?fuseaction=iris.showQuickView&substance_nmbr=0301
27,170,http://www.epa.gov/iris/subst/0347.htm,347,8/22/1988,http://cfpub.epa.gov/ncea/iris/index.cfm?fuseaction=iris.showQuickView&substance_nmbr=0347
28,171,http://www.epa.gov/iris/subst/0328.htm,328,8/22/1988,http://cfpub.epa.gov/ncea/iris/index.cfm?fuseaction=iris.showQuickView&substance_nmbr=0328
29,172,http://www.epa.gov/iris/subst/0147.htm,147,1/1/1991,http://cfpub.epa.gov/ncea/iris/index.cfm?fuseaction=iris.showQuickView&substance_nmbr=0147
30,175,NULL,NULL,NULL,NULL
31,176,NULL,NULL,NULL,NULL
32,178,NULL,NULL,NULL,NULL
33,184,NULL,NULL,NULL,NULL
34,185,http://www.epa.gov/iris/subst/0320.htm,320,8/22/1988,http://cfpub.epa.gov/ncea/iris/index.cfm?fuseaction=iris.showQuickView&substance_nmbr=0320
35,189,http://www.epa.gov/iris/subst/0302.htm,302,4/1/1992,http://cfpub.epa.gov/ncea/iris/index.cfm?fuseaction=iris.showQuickView&substance_nmbr=0302
36,191,NULL,NULL,NULL,NULL
37,192,http://www.epa.gov/iris/subst/0484.htm,484,10/1/1991,http://cfpub.epa.gov/ncea/iris/index.cfm?fuseaction=iris.showQuickView&substance_nmbr=0484
38,194,NULL,NULL,NULL,NULL
39,200,NULL,NULL,NULL,NULL
40,201,NULL,NULL,NULL,NULL
41,202,NULL,NULL,NULL,NULL
42,208,http://www.epa.gov/iris/subst/0442.htm,442,11/1/1990,http://cfpub.epa.gov/ncea/iris/index.cfm?fuseaction=iris.showQuickView&substance_nmbr=0442
43,209,NULL,NULL,NULL,NULL
44,210,http://www.epa.gov/iris/subst/0443.htm,443,1/1/1991,http://cfpub.epa.gov/ncea/iris/index.cfm?fuseaction=iris.showQuickView&substance_nmbr=0443
45,224,http://www.epa.gov/iris/subst/0129.htm,129,9/1/1993,http://cfpub.epa.gov/ncea/iris/index.cfm?fuseaction=iris.showQuickView&substance_nmbr=0129
46,228,http://www.epa.gov/iris/subst/0130.htm,130,1/1/1991,http://cfpub.epa.gov/ncea/iris/index.cfm?fuseaction=iris.showQuickView&substance_nmbr=0130
47,231,http://www.epa.gov/iris/subst/0162.htm,162,1/1/1991,http://cfpub.epa.gov/ncea/iris/index.cfm?fuseaction=iris.showQuickView&substance_nmbr=0162
48,232,NULL,NULL,NULL,NULL
49,236,http://www.epa.gov/iris/subst/0208.htm,208,9/30/1987,http://cfpub.epa.gov/ncea/iris/index.cfm?fuseaction=iris.showQuickView&substance_nmbr=0208
50,238,NULL,NULL,NULL,NULL
51,245,NULL,NULL,NULL,NULL
52,246,http://www.epa.gov/iris/subst/0350.htm,350,11/1/1990,http://cfpub.epa.gov/ncea/iris/index.cfm?fuseaction=iris.showQuickView&substance_nmbr=0350
53,247,http://www.epa.gov/iris/subst/0434.htm,434,1/1/1991,http://cfpub.epa.gov/ncea/iris/index.cfm?fuseaction=iris.showQuickView&substance_nmbr=0434
54,251,http://www.epa.gov/iris/subst/0473.htm,473,6/1/1991,http://cfpub.epa.gov/ncea/iris/index.cfm?fuseaction=iris.showQuickView&substance_nmbr=0473
55,254,NULL,NULL,NULL,NULL
56,255,http://www.epa.gov/iris/subst/0209.htm,209,10/1/1993,http://cfpub.epa.gov/ncea/iris/index.cfm?fuseaction=iris.showQuickView&substance_nmbr=0209
57,259,NULL,NULL,NULL,NULL
58,260,http://www.epa.gov/iris/subst/0351.htm,351,1/1/1991,http://cfpub.epa.gov/ncea/iris/index.cfm?fuseaction=iris.showQuickView&substance_nmbr=0351
59,262,NULL,NULL,NULL,NULL
60,264,http://www.epa.gov/iris/subst/0210.htm,210,9/30/1987,http://cfpub.epa.gov/ncea/iris/index.cfm?fuseaction=iris.showQuickView&substance_nmbr=0210
61,265,http://www.epa.gov/iris/subst/0134.htm,134,3/2/1998,http://cfpub.epa.gov/ncea/iris/index.cfm?fuseaction=iris.showQuickView&substance_nmbr=0134
62,271,http://www.epa.gov/iris/subst/0135.htm,135,7/1/1991,http://cfpub.epa.gov/ncea/iris/index.cfm?fuseaction=iris.showQuickView&substance_nmbr=0135
63,272,http://www.epa.gov/iris/subst/0454.htm,454,3/1/1994,http://cfpub.epa.gov/ncea/iris/index.cfm?fuseaction=iris.showQuickView&substance_nmbr=0454
64,273,http://www.epa.gov/iris/subst/0136.htm,136,7/1/1992,http://cfpub.epa.gov/ncea/iris/index.cfm?fuseaction=iris.showQuickView&substance_nmbr=0136
65,275,http://www.epa.gov/iris/subst/0453.htm,453,3/1/1994,http://cfpub.epa.gov/ncea/iris/index.cfm?fuseaction=iris.showQuickView&substance_nmbr=0453
66,276,NULL,NULL,NULL,NULL
67,277,http://www.epa.gov/iris/subst/0461.htm,461,12/1/1990,http://cfpub.epa.gov/ncea/iris/index.cfm?fuseaction=iris.showQuickView&substance_nmbr=0461
68,278,NULL,NULL,NULL,NULL
69,279,http://www.epa.gov/iris/subst/0452.htm,452,3/1/1994,http://cfpub.epa.gov/ncea/iris/index.cfm?fuseaction=iris.showQuickView&substance_nmbr=0452
70,283,http://www.epa.gov/iris/subst/0293.htm,293,9/1/1989,http://cfpub.epa.gov/ncea/iris/index.cfm?fuseaction=iris.showQuickView&substance_nmbr=0293
71,286,http://www.epa.gov/iris/subst/0244.htm,244,1/1/1991,http://cfpub.epa.gov/ncea/iris/index.cfm?fuseaction=iris.showQuickView&substance_nmbr=0244
72,293,http://www.epa.gov/iris/subst/0014.htm,14,9/7/1988,http://cfpub.epa.gov/ncea/iris/index.cfm?fuseaction=iris.showQuickView&substance_nmbr=0014
73,298,NULL,NULL,NULL,NULL
74,306,http://www.epa.gov/iris/subst/0289.htm,289,6/30/1988,http://cfpub.epa.gov/ncea/iris/index.cfm?fuseaction=iris.showQuickView&substance_nmbr=0289
75,309,NULL,NULL,NULL,NULL
76,312,http://www.epa.gov/iris/subst/0215.htm,215,10/1/1994,http://cfpub.epa.gov/ncea/iris/index.cfm?fuseaction=iris.showQuickView&substance_nmbr=0215
77,351,http://www.epa.gov/iris/subst/0216.htm,216,9/30/1987,http://cfpub.epa.gov/ncea/iris/index.cfm?fuseaction=iris.showQuickView&substance_nmbr=0216
78,352,http://www.epa.gov/iris/subst/0018.htm,18,3/1/1989,http://cfpub.epa.gov/ncea/iris/index.cfm?fuseaction=iris.showQuickView&substance_nmbr=0018
79,353,http://www.epa.gov/iris/subst/0019.htm,19,11/1/1991,http://cfpub.epa.gov/ncea/iris/index.cfm?fuseaction=iris.showQuickView&substance_nmbr=0019
80,355,http://www.epa.gov/iris/subst/0218.htm,218,9/30/1987,http://cfpub.epa.gov/ncea/iris/index.cfm?fuseaction=iris.showQuickView&substance_nmbr=0218
81,361,NULL,NULL,NULL,NULL
82,362,http://www.epa.gov/iris/subst/0022.htm,22,1/31/1987,http://cfpub.epa.gov/ncea/iris/index.cfm?fuseaction=iris.showQuickView&substance_nmbr=0022
83,371,NULL,NULL,NULL,NULL
84,377,http://www.epa.gov/iris/subst/0400.htm,400,12/1/1989,http://cfpub.epa.gov/ncea/iris/index.cfm?fuseaction=iris.showQuickView&substance_nmbr=0400
85,382,NULL,NULL,NULL,NULL
86,385,NULL,NULL,NULL,NULL
87,386,http://www.epa.gov/iris/subst/0143.htm,143,3/1/1988,http://cfpub.epa.gov/ncea/iris/index.cfm?fuseaction=iris.showQuickView&substance_nmbr=0143
88,387,http://www.epa.gov/iris/subst/0283.htm,283,6/30/1998,http://cfpub.epa.gov/ncea/iris/index.cfm?fuseaction=iris.showQuickView&substance_nmbr=0283
89,388,http://www.epa.gov/iris/subst/0026.htm,26,1/31/1987,http://cfpub.epa.gov/ncea/iris/index.cfm?fuseaction=iris.showQuickView&substance_nmbr=0026
90,390,http://www.epa.gov/iris/subst/0455.htm,455,3/1/1994,http://cfpub.epa.gov/ncea/iris/index.cfm?fuseaction=iris.showQuickView&substance_nmbr=0455
91,391,NULL,NULL,NULL,NULL
92,395,NULL,NULL,NULL,NULL
93,402,NULL,NULL,NULL,NULL
94,404,NULL,NULL,NULL,NULL
95,410,NULL,NULL,NULL,NULL
96,415,http://www.epa.gov/iris/subst/0221.htm,221,8/1/1994,http://cfpub.epa.gov/ncea/iris/index.cfm?fuseaction=iris.showQuickView&substance_nmbr=0221
97,420,http://www.epa.gov/iris/subst/0163.htm,163,3/31/1987,http://cfpub.epa.gov/ncea/iris/index.cfm?fuseaction=iris.showQuickView&substance_nmbr=0163
98,425,NULL,NULL,NULL,NULL
99,429,http://www.epa.gov/iris/subst/0038.htm,38,10/1/1990,http://cfpub.epa.gov/ncea/iris/index.cfm?fuseaction=iris.showQuickView&substance_nmbr=0038
100,430,NULL,NULL,NULL,NULL
101,431,NULL,NULL,NULL,NULL
102,432,NULL,NULL,NULL,NULL
103,434,http://www.epa.gov/iris/subst/0456.htm,456,3/1/1994,http://cfpub.epa.gov/ncea/iris/index.cfm?fuseaction=iris.showQuickView&substance_nmbr=0456
104,436,NULL,NULL,NULL,NULL
105,443,http://www.epa.gov/iris/subst/0223.htm,223,8/22/1988,http://cfpub.epa.gov/ncea/iris/index.cfm?fuseaction=iris.showQuickView&substance_nmbr=0223
106,444,NULL,NULL,NULL,NULL
107,445,NULL,NULL,NULL,NULL
108,447,NULL,NULL,NULL,NULL
109,448,http://www.epa.gov/iris/subst/0151.htm,151,6/1/1994,http://cfpub.epa.gov/ncea/iris/index.cfm?fuseaction=iris.showQuickView&substance_nmbr=0151
110,449,http://www.epa.gov/iris/subst/0211.htm,211,9/30/1987,http://cfpub.epa.gov/ncea/iris/index.cfm?fuseaction=iris.showQuickView&substance_nmbr=0211
111,450,http://www.epa.gov/iris/subst/0225.htm,225,1/1/1991,http://cfpub.epa.gov/ncea/iris/index.cfm?fuseaction=iris.showQuickView&substance_nmbr=0225
112,462,http://www.epa.gov/iris/subst/0226.htm,226,9/7/1988,http://cfpub.epa.gov/ncea/iris/index.cfm?fuseaction=iris.showQuickView&substance_nmbr=0226
113,463,NULL,NULL,NULL,NULL
114,465,NULL,NULL,NULL,NULL
115,466,http://www.epa.gov/iris/subst/0044.htm,44,8/22/1988,http://cfpub.epa.gov/ncea/iris/index.cfm?fuseaction=iris.showQuickView&substance_nmbr=0044
116,470,NULL,NULL,NULL,NULL
117,471,NULL,NULL,NULL,NULL
118,472,NULL,NULL,NULL,NULL
119,473,NULL,NULL,NULL,NULL
120,479,NULL,NULL,NULL,NULL
121,480,http://www.epa.gov/iris/subst/0241.htm,241,3/1/1988,http://cfpub.epa.gov/ncea/iris/index.cfm?fuseaction=iris.showQuickView&substance_nmbr=0241
122,481,http://www.epa.gov/iris/subst/0444.htm,444,12/1/1990,http://cfpub.epa.gov/ncea/iris/index.cfm?fuseaction=iris.showQuickView&substance_nmbr=0444
123,482,http://www.epa.gov/iris/subst/0435.htm,435,12/1/1990,http://cfpub.epa.gov/ncea/iris/index.cfm?fuseaction=iris.showQuickView&substance_nmbr=0435
124,484,http://www.epa.gov/iris/subst/0054.htm,54,1/31/1987,http://cfpub.epa.gov/ncea/iris/index.cfm?fuseaction=iris.showQuickView&substance_nmbr=0054
125,512,NULL,NULL,NULL,NULL
126,521,NULL,NULL,NULL,NULL
127,531,http://www.epa.gov/iris/subst/1017.htm,1017,9/22/2009,http://cfpub.epa.gov/ncea/iris/index.cfm?fuseaction=iris.showQuickView&substance_nmbr=1017
128,538,NULL,NULL,NULL,NULL
129,540,http://www.epa.gov/iris/subst/0170.htm,170,8/1/1989,http://cfpub.epa.gov/ncea/iris/index.cfm?fuseaction=iris.showQuickView&substance_nmbr=0170
130,550,http://www.epa.gov/iris/subst/0248.htm,248,9/30/1987,http://cfpub.epa.gov/ncea/iris/index.cfm?fuseaction=iris.showQuickView&substance_nmbr=0248
131,565,NULL,NULL,NULL,NULL
132,566,http://www.epa.gov/iris/subst/0069.htm,69,1/31/1987,http://cfpub.epa.gov/ncea/iris/index.cfm?fuseaction=iris.showQuickView&substance_nmbr=0069
133,567,http://www.epa.gov/iris/subst/0369.htm,369,4/1/1992,http://cfpub.epa.gov/ncea/iris/index.cfm?fuseaction=iris.showQuickView&substance_nmbr=0369
134,574,NULL,NULL,NULL,NULL
135,594,http://www.epa.gov/iris/subst/0175.htm,175,3/31/1987,http://cfpub.epa.gov/ncea/iris/index.cfm?fuseaction=iris.showQuickView&substance_nmbr=0175
136,595,http://www.epa.gov/iris/subst/0436.htm,436,9/17/1998,http://cfpub.epa.gov/ncea/iris/index.cfm?fuseaction=iris.showQuickView&substance_nmbr=0436
137,596,NULL,NULL,NULL,NULL
138,603,NULL,NULL,NULL,NULL
139,611,NULL,NULL,NULL,NULL
140,614,http://www.epa.gov/iris/subst/0082.htm,82,1/31/1987,http://cfpub.epa.gov/ncea/iris/index.cfm?fuseaction=iris.showQuickView&substance_nmbr=0082
141,625,NULL,NULL,NULL,NULL
142,635,http://www.epa.gov/iris/subst/0459.htm,459,12/1/1990,http://cfpub.epa.gov/ncea/iris/index.cfm?fuseaction=iris.showQuickView&substance_nmbr=0459
143,638,http://www.epa.gov/iris/subst/0088.htm,88,9/30/2002,http://cfpub.epa.gov/ncea/iris/index.cfm?fuseaction=iris.showQuickView&substance_nmbr=0088
144,642,NULL,NULL,NULL,NULL
145,643,http://www.epa.gov/iris/subst/0255.htm,255,12/1/1988,http://cfpub.epa.gov/ncea/iris/index.cfm?fuseaction=iris.showQuickView&substance_nmbr=0255
146,644,http://www.epa.gov/iris/subst/0091.htm,91,1/31/1987,http://cfpub.epa.gov/ncea/iris/index.cfm?fuseaction=iris.showQuickView&substance_nmbr=0091
147,645,NULL,NULL,NULL,NULL
148,664,NULL,NULL,NULL,NULL
149,665,http://www.epa.gov/iris/subst/0094.htm,94,3/1/1988,http://cfpub.epa.gov/ncea/iris/index.cfm?fuseaction=iris.showQuickView&substance_nmbr=0094
150,666,http://www.epa.gov/iris/subst/0258.htm,258,9/30/1987,http://cfpub.epa.gov/ncea/iris/index.cfm?fuseaction=iris.showQuickView&substance_nmbr=0258
151,667,http://www.epa.gov/iris/subst/0095.htm,95,1/31/1987,http://cfpub.epa.gov/ncea/iris/index.cfm?fuseaction=iris.showQuickView&substance_nmbr=0095
152,668,http://www.epa.gov/iris/subst/0096.htm,96,1/31/1987,http://cfpub.epa.gov/ncea/iris/index.cfm?fuseaction=iris.showQuickView&substance_nmbr=0096
153,670,http://www.epa.gov/iris/subst/0187.htm,187,8/28/1987,http://cfpub.epa.gov/ncea/iris/index.cfm?fuseaction=iris.showQuickView&substance_nmbr=0187
154,671,http://www.epa.gov/iris/subst/0260.htm,260,9/30/1987,http://cfpub.epa.gov/ncea/iris/index.cfm?fuseaction=iris.showQuickView&substance_nmbr=0260
155,676,NULL,NULL,NULL,NULL
156,678,http://www.epa.gov/iris/subst/0445.htm,445,1/1/1991,http://cfpub.epa.gov/ncea/iris/index.cfm?fuseaction=iris.showQuickView&substance_nmbr=0445
157,688,NULL,NULL,NULL,NULL
158,698,NULL,NULL,NULL,NULL
159,748,http://www.epa.gov/iris/subst/0353.htm,353,9/1/1990,http://cfpub.epa.gov/ncea/iris/index.cfm?fuseaction=iris.showQuickView&substance_nmbr=0353
160,751,NULL,NULL,NULL,NULL
161,752,http://www.epa.gov/iris/subst/0047.htm,47,8/1/1989,http://cfpub.epa.gov/ncea/iris/index.cfm?fuseaction=iris.showQuickView&substance_nmbr=0047
162,753,NULL,NULL,NULL,NULL
163,754,http://www.epa.gov/iris/subst/0048.htm,48,1/31/1987,http://cfpub.epa.gov/ncea/iris/index.cfm?fuseaction=iris.showQuickView&substance_nmbr=0048
164,755,http://www.epa.gov/iris/subst/0232.htm,232,9/30/1987,http://cfpub.epa.gov/ncea/iris/index.cfm?fuseaction=iris.showQuickView&substance_nmbr=0232
165,759,http://www.epa.gov/iris/subst/0154.htm,154,3/31/1987,http://cfpub.epa.gov/ncea/iris/index.cfm?fuseaction=iris.showQuickView&substance_nmbr=0154
166,760,NULL,NULL,NULL,NULL
167,762,http://www.epa.gov/iris/subst/0233.htm,233,8/22/1988,http://cfpub.epa.gov/ncea/iris/index.cfm?fuseaction=iris.showQuickView&substance_nmbr=0233
168,767,NULL,NULL,NULL,NULL
169,768,NULL,NULL,NULL,NULL
170,769,http://www.epa.gov/iris/subst/0363.htm,363,10/1/1989,http://cfpub.epa.gov/ncea/iris/index.cfm?fuseaction=iris.showQuickView&substance_nmbr=0363
171,770,NULL,NULL,NULL,NULL
172,771,NULL,NULL,NULL,NULL
173,773,http://www.epa.gov/iris/subst/0236.htm,236,9/30/1987,http://cfpub.epa.gov/ncea/iris/index.cfm?fuseaction=iris.showQuickView&substance_nmbr=0236
174,774,http://www.epa.gov/iris/subst/0237.htm,237,9/30/1987,http://cfpub.epa.gov/ncea/iris/index.cfm?fuseaction=iris.showQuickView&substance_nmbr=0237
175,777,http://www.epa.gov/iris/subst/0156.htm,156,9/1/1989,http://cfpub.epa.gov/ncea/iris/index.cfm?fuseaction=iris.showQuickView&substance_nmbr=0156
176,793,NULL,NULL,NULL,NULL
177,798,NULL,NULL,NULL,NULL
178,812,http://www.epa.gov/iris/subst/0065.htm,65,3/1/1988,http://cfpub.epa.gov/ncea/iris/index.cfm?fuseaction=iris.showQuickView&substance_nmbr=0065
179,817,http://www.epa.gov/iris/subst/0243.htm,243,1/1/1991,http://cfpub.epa.gov/ncea/iris/index.cfm?fuseaction=iris.showQuickView&substance_nmbr=0243
180,818,http://www.epa.gov/iris/subst/0160.htm,160,1/1/1991,http://cfpub.epa.gov/ncea/iris/index.cfm?fuseaction=iris.showQuickView&substance_nmbr=0160
181,820,http://www.epa.gov/iris/subst/0374.htm,374,3/1/1991,http://cfpub.epa.gov/ncea/iris/index.cfm?fuseaction=iris.showQuickView&substance_nmbr=0374
182,824,http://www.epa.gov/iris/subst/0338.htm,338,8/22/1988,http://cfpub.epa.gov/ncea/iris/index.cfm?fuseaction=iris.showQuickView&substance_nmbr=0338
183,830,http://www.epa.gov/iris/subst/0246.htm,246,9/30/1987,http://cfpub.epa.gov/ncea/iris/index.cfm?fuseaction=iris.showQuickView&substance_nmbr=0246
184,850,http://www.epa.gov/iris/subst/0457.htm,457,3/1/1994,http://cfpub.epa.gov/ncea/iris/index.cfm?fuseaction=iris.showQuickView&substance_nmbr=0457
185,857,http://www.epa.gov/iris/subst/0074.htm,74,10/1/1990,http://cfpub.epa.gov/ncea/iris/index.cfm?fuseaction=iris.showQuickView&substance_nmbr=0074
186,858,http://www.epa.gov/iris/subst/0075.htm,75,12/1/1993,http://cfpub.epa.gov/ncea/iris/index.cfm?fuseaction=iris.showQuickView&substance_nmbr=0075
187,859,NULL,NULL,NULL,NULL
188,864,http://www.epa.gov/iris/subst/0251.htm,251,10/1/1992,http://cfpub.epa.gov/ncea/iris/index.cfm?fuseaction=iris.showQuickView&substance_nmbr=0251
189,866,http://www.epa.gov/iris/subst/0298.htm,298,9/26/1988,http://cfpub.epa.gov/ncea/iris/index.cfm?fuseaction=iris.showQuickView&substance_nmbr=0298
190,868,NULL,NULL,NULL,NULL
191,908,http://www.epa.gov/iris/subst/0181.htm,181,3/31/1987,http://cfpub.epa.gov/ncea/iris/index.cfm?fuseaction=iris.showQuickView&substance_nmbr=0181
192,911,NULL,NULL,NULL,NULL
193,917,http://www.epa.gov/iris/subst/0327.htm,327,8/22/1988,http://cfpub.epa.gov/ncea/iris/index.cfm?fuseaction=iris.showQuickView&substance_nmbr=0327
194,919,http://www.epa.gov/iris/subst/0174.htm,174,3/31/1987,http://cfpub.epa.gov/ncea/iris/index.cfm?fuseaction=iris.showQuickView&substance_nmbr=0174
195,949,NULL,NULL,NULL,NULL
196,950,http://www.epa.gov/iris/subst/0085.htm,85,11/1/1992,http://cfpub.epa.gov/ncea/iris/index.cfm?fuseaction=iris.showQuickView&substance_nmbr=0085
197,952,http://www.epa.gov/iris/subst/0254.htm,254,9/30/1987,http://cfpub.epa.gov/ncea/iris/index.cfm?fuseaction=iris.showQuickView&substance_nmbr=0254
198,953,http://www.epa.gov/iris/subst/0086.htm,86,9/30/2010,http://cfpub.epa.gov/ncea/iris/index.cfm?fuseaction=iris.showQuickView&substance_nmbr=0086
199,956,http://www.epa.gov/iris/subst/0185.htm,185,3/31/1987,http://cfpub.epa.gov/ncea/iris/index.cfm?fuseaction=iris.showQuickView&substance_nmbr=0185
200,958,NULL,NULL,NULL,NULL
201,964,NULL,NULL,NULL,NULL
202,974,http://www.epa.gov/iris/subst/0263.htm,263,9/1/1993,http://cfpub.epa.gov/ncea/iris/index.cfm?fuseaction=iris.showQuickView&substance_nmbr=0263
203,975,NULL,NULL,NULL,NULL
204,992,http://www.epa.gov/iris/subst/0330.htm,330,9/7/1988,http://cfpub.epa.gov/ncea/iris/index.cfm?fuseaction=iris.showQuickView&substance_nmbr=0330
205,996,NULL,NULL,NULL,NULL
206,997,NULL,NULL,NULL,NULL
207,998,NULL,NULL,NULL,NULL
208,1001,http://www.epa.gov/iris/subst/0264.htm,264,8/22/1988,http://cfpub.epa.gov/ncea/iris/index.cfm?fuseaction=iris.showQuickView&substance_nmbr=0264
209,1005,http://www.epa.gov/iris/subst/0105.htm,105,1/31/1987,http://cfpub.epa.gov/ncea/iris/index.cfm?fuseaction=iris.showQuickView&substance_nmbr=0105
210,1006,NULL,NULL,NULL,NULL
211,1007,NULL,NULL,NULL,NULL
212,1008,http://www.epa.gov/iris/subst/0285.htm,285,9/26/1988,http://cfpub.epa.gov/ncea/iris/index.cfm?fuseaction=iris.showQuickView&substance_nmbr=0285
213,1013,NULL,NULL,NULL,NULL
214,1017,NULL,NULL,NULL,NULL
215,1019,NULL,NULL,NULL,NULL
216,1023,NULL,NULL,NULL,NULL
217,1026,http://www.epa.gov/iris/subst/0195.htm,195,8/1/1990,http://cfpub.epa.gov/ncea/iris/index.cfm?fuseaction=iris.showQuickView&substance_nmbr=0195
218,1030,NULL,NULL,NULL,NULL
219,1032,NULL,NULL,NULL,NULL
220,1034,http://www.epa.gov/iris/subst/0268.htm,268,7/1/1989,http://cfpub.epa.gov/ncea/iris/index.cfm?fuseaction=iris.showQuickView&substance_nmbr=0268
221,1037,NULL,NULL,NULL,NULL
222,1051,http://www.epa.gov/iris/subst/0201.htm,201,3/31/1987,http://cfpub.epa.gov/ncea/iris/index.cfm?fuseaction=iris.showQuickView&substance_nmbr=0201
223,1250,NULL,NULL,NULL,NULL
224,1264,http://www.epa.gov/iris/subst/0013.htm,13,8/27/2013,http://cfpub.epa.gov/ncea/iris/index.cfm?fuseaction=iris.showQuickView&substance_nmbr=0013
225,1933,NULL,NULL,NULL,NULL
226,1974,http://www.epa.gov/iris/subst/0294.htm,294,10/1/1996,http://cfpub.epa.gov/ncea/iris/index.cfm?fuseaction=iris.showQuickView&substance_nmbr=0294
227,1991,http://www.epa.gov/iris/subst/0145.htm,145,7/1/1993,http://cfpub.epa.gov/ncea/iris/index.cfm?fuseaction=iris.showQuickView&substance_nmbr=0145
228,1992,http://www.epa.gov/iris/subst/0131.htm,131,3/1/1988,http://cfpub.epa.gov/ncea/iris/index.cfm?fuseaction=iris.showQuickView&substance_nmbr=0131
229,300219,NULL,NULL,NULL,NULL
230,300222,NULL,NULL,NULL,NULL
231,300226,http://www.epa.gov/iris/subst/0356.htm,356,9/26/1988,http://cfpub.epa.gov/ncea/iris/index.cfm?fuseaction=iris.showQuickView&substance_nmbr=0356
232,300228,NULL,NULL,NULL,NULL
233,300229,NULL,NULL,NULL,NULL
234,300230,http://www.epa.gov/iris/subst/0384.htm,384,7/1/1989,http://cfpub.epa.gov/ncea/iris/index.cfm?fuseaction=iris.showQuickView&substance_nmbr=0384
235,300235,NULL,NULL,NULL,NULL
236,300236,http://www.epa.gov/iris/subst/0342.htm,342,9/26/1988,http://cfpub.epa.gov/ncea/iris/index.cfm?fuseaction=iris.showQuickView&substance_nmbr=0342
237,300237,http://www.epa.gov/iris/subst/0333.htm,333,8/22/1988,http://cfpub.epa.gov/ncea/iris/index.cfm?fuseaction=iris.showQuickView&substance_nmbr=0333
238,300240,http://www.epa.gov/iris/subst/0292.htm,292,6/30/1988,http://cfpub.epa.gov/ncea/iris/index.cfm?fuseaction=iris.showQuickView&substance_nmbr=0292
239,300241,NULL,NULL,NULL,NULL
240,300245,NULL,NULL,NULL,NULL
241,300246,http://www.epa.gov/iris/subst/0126.htm,126,1/31/1987,http://cfpub.epa.gov/ncea/iris/index.cfm?fuseaction=iris.showQuickView&substance_nmbr=0126
242,300247,http://www.epa.gov/iris/subst/0186.htm,186,3/1/1988,http://cfpub.epa.gov/ncea/iris/index.cfm?fuseaction=iris.showQuickView&substance_nmbr=0186
243,300249,NULL,NULL,NULL,NULL
244,300250,http://www.epa.gov/iris/subst/0291.htm,291,6/30/1988,http://cfpub.epa.gov/ncea/iris/index.cfm?fuseaction=iris.showQuickView&substance_nmbr=0291
245,300251,http://www.epa.gov/iris/subst/0250.htm,250,9/30/1987,http://cfpub.epa.gov/ncea/iris/index.cfm?fuseaction=iris.showQuickView&substance_nmbr=0250
246,300252,http://www.epa.gov/iris/subst/0257.htm,257,9/30/1987,http://cfpub.epa.gov/ncea/iris/index.cfm?fuseaction=iris.showQuickView&substance_nmbr=0257
247,300253,NULL,NULL,NULL,NULL
248,300260,NULL,NULL,NULL,NULL
249,300261,NULL,NULL,NULL,NULL
250,300262,NULL,NULL,NULL,NULL
251,300263,NULL,NULL,NULL,NULL
252,300264,http://www.epa.gov/iris/subst/0294.htm,294,10/1/1996,http://cfpub.epa.gov/ncea/iris/index.cfm?fuseaction=iris.showQuickView&substance_nmbr=0294
253,300265,http://www.epa.gov/iris/subst/0294.htm,294,10/1/1996,http://cfpub.epa.gov/ncea/iris/index.cfm?fuseaction=iris.showQuickView&substance_nmbr=0294
254,300266,http://www.epa.gov/iris/subst/0294.htm,294,10/1/1996,http://cfpub.epa.gov/ncea/iris/index.cfm?fuseaction=iris.showQuickView&substance_nmbr=0294
255,300267,http://www.epa.gov/iris/subst/0294.htm,294,10/1/1996,http://cfpub.epa.gov/ncea/iris/index.cfm?fuseaction=iris.showQuickView&substance_nmbr=0294
256,300268,http://www.epa.gov/iris/subst/0294.htm,294,10/1/1996,http://cfpub.epa.gov/ncea/iris/index.cfm?fuseaction=iris.showQuickView&substance_nmbr=0294
257,300269,http://www.epa.gov/iris/subst/0294.htm,294,10/1/1996,http://cfpub.epa.gov/ncea/iris/index.cfm?fuseaction=iris.showQuickView&substance_nmbr=0294
258,300270,http://www.epa.gov/iris/subst/0294.htm,294,10/1/1996,http://cfpub.epa.gov/ncea/iris/index.cfm?fuseaction=iris.showQuickView&substance_nmbr=0294
259,300271,http://www.epa.gov/iris/subst/0294.htm,294,10/1/1996,http://cfpub.epa.gov/ncea/iris/index.cfm?fuseaction=iris.showQuickView&substance_nmbr=0294
260,300272,http://www.epa.gov/iris/subst/0294.htm,294,10/1/1996,http://cfpub.epa.gov/ncea/iris/index.cfm?fuseaction=iris.showQuickView&substance_nmbr=0294
261,300273,http://www.epa.gov/iris/subst/0294.htm,294,10/1/1996,http://cfpub.epa.gov/ncea/iris/index.cfm?fuseaction=iris.showQuickView&substance_nmbr=0294
262,300274,http://www.epa.gov/iris/subst/0294.htm,294,10/1/1996,http://cfpub.epa.gov/ncea/iris/index.cfm?fuseaction=iris.showQuickView&substance_nmbr=0294
263,300275,http://www.epa.gov/iris/subst/0294.htm,294,10/1/1996,http://cfpub.epa.gov/ncea/iris/index.cfm?fuseaction=iris.showQuickView&substance_nmbr=0294
264,300276,http://www.epa.gov/iris/subst/0294.htm,294,10/1/1996,http://cfpub.epa.gov/ncea/iris/index.cfm?fuseaction=iris.showQuickView&substance_nmbr=0294
265,300277,http://www.epa.gov/iris/subst/0294.htm,294,10/1/1996,http://cfpub.epa.gov/ncea/iris/index.cfm?fuseaction=iris.showQuickView&substance_nmbr=0294
266,300278,http://www.epa.gov/iris/subst/0294.htm,294,10/1/1996,http://cfpub.epa.gov/ncea/iris/index.cfm?fuseaction=iris.showQuickView&substance_nmbr=0294
267,300279,http://www.epa.gov/iris/subst/0294.htm,294,10/1/1996,http://cfpub.epa.gov/ncea/iris/index.cfm?fuseaction=iris.showQuickView&substance_nmbr=0294
268,300280,http://www.epa.gov/iris/subst/0294.htm,294,10/1/1996,http://cfpub.epa.gov/ncea/iris/index.cfm?fuseaction=iris.showQuickView&substance_nmbr=0294
269,300281,http://www.epa.gov/iris/subst/0294.htm,294,10/1/1996,http://cfpub.epa.gov/ncea/iris/index.cfm?fuseaction=iris.showQuickView&substance_nmbr=0294
270,300282,http://www.epa.gov/iris/subst/0294.htm,294,10/1/1996,http://cfpub.epa.gov/ncea/iris/index.cfm?fuseaction=iris.showQuickView&substance_nmbr=0294
271,300283,http://www.epa.gov/iris/subst/0294.htm,294,10/1/1996,http://cfpub.epa.gov/ncea/iris/index.cfm?fuseaction=iris.showQuickView&substance_nmbr=0294
272,300284,http://www.epa.gov/iris/subst/0294.htm,294,10/1/1996,http://cfpub.epa.gov/ncea/iris/index.cfm?fuseaction=iris.showQuickView&substance_nmbr=0294
273,300285,http://www.epa.gov/iris/subst/0294.htm,294,10/1/1996,http://cfpub.epa.gov/ncea/iris/index.cfm?fuseaction=iris.showQuickView&substance_nmbr=0294
274,300286,http://www.epa.gov/iris/subst/0294.htm,294,10/1/1996,http://cfpub.epa.gov/ncea/iris/index.cfm?fuseaction=iris.showQuickView&substance_nmbr=0294
275,300287,http://www.epa.gov/iris/subst/0294.htm,294,10/1/1996,http://cfpub.epa.gov/ncea/iris/index.cfm?fuseaction=iris.showQuickView&substance_nmbr=0294
276,300288,http://www.epa.gov/iris/subst/0294.htm,294,10/1/1996,http://cfpub.epa.gov/ncea/iris/index.cfm?fuseaction=iris.showQuickView&substance_nmbr=0294
277,300289,http://www.epa.gov/iris/subst/0294.htm,294,10/1/1996,http://cfpub.epa.gov/ncea/iris/index.cfm?fuseaction=iris.showQuickView&substance_nmbr=0294
278,300291,NULL,NULL,NULL,NULL
279,300293,NULL,NULL,NULL,NULL
280,300294,NULL,NULL,NULL,NULL
281,300295,NULL,NULL,NULL,NULL
282,300296,NULL,NULL,NULL,NULL
283,300297,NULL,NULL,NULL,NULL
284,300298,NULL,NULL,NULL,NULL
285,300299,NULL,NULL,NULL,NULL
286,300301,NULL,NULL,NULL,NULL
287,300302,NULL,NULL,NULL,NULL
288,300303,NULL,NULL,NULL,NULL
289,300304,NULL,NULL,NULL,NULL
290,300305,NULL,NULL,NULL,NULL
291,300306,NULL,NULL,NULL,NULL
292,300307,NULL,NULL,NULL,NULL
293,300309,NULL,NULL,NULL,NULL
294,300312,NULL,NULL,NULL,NULL
295,300315,NULL,NULL,NULL,NULL
296,300316,NULL,NULL,NULL,NULL
297,300317,NULL,NULL,NULL,NULL
298,300318,NULL,NULL,NULL,NULL
299,300327,NULL,NULL,NULL,NULL
300,300328,NULL,NULL,NULL,NULL
301,300329,NULL,NULL,NULL,NULL
302,300330,NULL,NULL,NULL,NULL
303,300333,NULL,NULL,NULL,NULL
304,300334,NULL,NULL,NULL,NULL
305,300335,NULL,NULL,NULL,NULL
306,300336,NULL,NULL,NULL,NULL
307,300337,NULL,NULL,NULL,NULL
308,300347,NULL,NULL,NULL,NULL
309,300348,NULL,NULL,NULL,NULL
310,300349,NULL,NULL,NULL,NULL
311,300374,NULL,NULL,NULL,NULL
312,300377,NULL,NULL,NULL,NULL
313,300378,NULL,NULL,NULL,NULL
314,300379,http://www.epa.gov/iris/subst/0294.htm,294,10/1/1996,http://cfpub.epa.gov/ncea/iris/index.cfm?fuseaction=iris.showQuickView&substance_nmbr=0294
315,300386,NULL,NULL,NULL,NULL
316,300387,NULL,NULL,NULL,NULL
317,300388,NULL,NULL,NULL,NULL
318,300389,NULL,NULL,NULL,NULL
319,300390,NULL,NULL,NULL,NULL
320,300391,NULL,NULL,NULL,NULL
321,300392,NULL,NULL,NULL,NULL
322,300406,NULL,NULL,NULL,NULL
323,300409,NULL,NULL,NULL,NULL
324,300432,http://www.epa.gov/iris/subst/0294.htm,294,10/1/1996,http://cfpub.epa.gov/ncea/iris/index.cfm?fuseaction=iris.showQuickView&substance_nmbr=0294
325,300433,http://www.epa.gov/iris/subst/0294.htm,294,10/1/1996,http://cfpub.epa.gov/ncea/iris/index.cfm?fuseaction=iris.showQuickView&substance_nmbr=0294
326,300435,http://www.epa.gov/iris/subst/0294.htm,294,10/1/1996,http://cfpub.epa.gov/ncea/iris/index.cfm?fuseaction=iris.showQuickView&substance_nmbr=0294
327,300436,http://www.epa.gov/iris/subst/0294.htm,294,10/1/1996,http://cfpub.epa.gov/ncea/iris/index.cfm?fuseaction=iris.showQuickView&substance_nmbr=0294
328,300437,http://www.epa.gov/iris/subst/0294.htm,294,10/1/1996,http://cfpub.epa.gov/ncea/iris/index.cfm?fuseaction=iris.showQuickView&substance_nmbr=0294
329,300438,http://www.epa.gov/iris/subst/0294.htm,294,10/1/1996,http://cfpub.epa.gov/ncea/iris/index.cfm?fuseaction=iris.showQuickView&substance_nmbr=0294
330,300440,http://www.epa.gov/iris/subst/0294.htm,294,10/1/1996,http://cfpub.epa.gov/ncea/iris/index.cfm?fuseaction=iris.showQuickView&substance_nmbr=0294
331,300441,http://www.epa.gov/iris/subst/0294.htm,294,10/1/1996,http://cfpub.epa.gov/ncea/iris/index.cfm?fuseaction=iris.showQuickView&substance_nmbr=0294
332,300442,http://www.epa.gov/iris/subst/0294.htm,294,10/1/1996,http://cfpub.epa.gov/ncea/iris/index.cfm?fuseaction=iris.showQuickView&substance_nmbr=0294
333,300503,NULL,NULL,NULL,NULL
334,300505,NULL,NULL,NULL,NULL
335,300604,http://www.epa.gov/iris/subst/0324.htm,324,4/1/1992,http://cfpub.epa.gov/ncea/iris/index.cfm?fuseaction=iris.showQuickView&substance_nmbr=0324
336,300605,NULL,NULL,NULL,NULL
337,300628,NULL,NULL,NULL,NULL
338,300629,http://www.epa.gov/iris/subst/0294.htm,294,10/1/1996,http://cfpub.epa.gov/ncea/iris/index.cfm?fuseaction=iris.showQuickView&substance_nmbr=0294
339,300631,NULL,NULL,NULL,NULL
340,300636,http://www.epa.gov/iris/subst/0188.htm,188,3/31/1987,http://cfpub.epa.gov/ncea/iris/index.cfm?fuseaction=iris.showQuickView&substance_nmbr=0188
341,300638,http://www.epa.gov/iris/subst/0282.htm,282,8/22/1988,http://cfpub.epa.gov/ncea/iris/index.cfm?fuseaction=iris.showQuickView&substance_nmbr=0282
342,300639,NULL,NULL,NULL,NULL
343,300640,http://www.epa.gov/iris/subst/0253.htm,253,9/30/1987,http://cfpub.epa.gov/ncea/iris/index.cfm?fuseaction=iris.showQuickView&substance_nmbr=0253
344,300641,NULL,NULL,NULL,NULL
345,300659,NULL,NULL,NULL,NULL
346,300685,NULL,NULL,NULL,NULL
347,300698,http://www.epa.gov/iris/subst/0294.htm,294,10/1/1996,http://cfpub.epa.gov/ncea/iris/index.cfm?fuseaction=iris.showQuickView&substance_nmbr=0294
348,300699,http://www.epa.gov/iris/subst/0294.htm,294,10/1/1996,http://cfpub.epa.gov/ncea/iris/index.cfm?fuseaction=iris.showQuickView&substance_nmbr=0294
349,300700,http://www.epa.gov/iris/subst/0294.htm,294,10/1/1996,http://cfpub.epa.gov/ncea/iris/index.cfm?fuseaction=iris.showQuickView&substance_nmbr=0294
350,300701,http://www.epa.gov/iris/subst/0294.htm,294,10/1/1996,http://cfpub.epa.gov/ncea/iris/index.cfm?fuseaction=iris.showQuickView&substance_nmbr=0294
351,300703,http://www.epa.gov/iris/subst/0294.htm,294,10/1/1996,http://cfpub.epa.gov/ncea/iris/index.cfm?fuseaction=iris.showQuickView&substance_nmbr=0294
352,300704,http://www.epa.gov/iris/subst/0294.htm,294,10/1/1996,http://cfpub.epa.gov/ncea/iris/index.cfm?fuseaction=iris.showQuickView&substance_nmbr=0294
353,300705,http://www.epa.gov/iris/subst/0294.htm,294,10/1/1996,http://cfpub.epa.gov/ncea/iris/index.cfm?fuseaction=iris.showQuickView&substance_nmbr=0294
354,300707,http://www.epa.gov/iris/subst/0294.htm,294,10/1/1996,http://cfpub.epa.gov/ncea/iris/index.cfm?fuseaction=iris.showQuickView&substance_nmbr=0294
355,300708,http://www.epa.gov/iris/subst/0294.htm,294,10/1/1996,http://cfpub.epa.gov/ncea/iris/index.cfm?fuseaction=iris.showQuickView&substance_nmbr=0294
356,300711,NULL,NULL,NULL,NULL
357,300713,NULL,NULL,NULL,NULL
358,300714,NULL,NULL,NULL,NULL
359,300715,http://www.epa.gov/iris/subst/1008.htm,1008,6/30/2008,http://cfpub.epa.gov/ncea/iris/index.cfm?fuseaction=iris.showQuickView&substance_nmbr=1008
360,300716,http://www.epa.gov/iris/subst/1009.htm,1009,6/30/2008,http://cfpub.epa.gov/ncea/iris/index.cfm?fuseaction=iris.showQuickView&substance_nmbr=1009
361,300718,http://www.epa.gov/iris/subst/0294.htm,294,10/1/1996,http://cfpub.epa.gov/ncea/iris/index.cfm?fuseaction=iris.showQuickView&substance_nmbr=0294
362,300719,http://www.epa.gov/iris/subst/0294.htm,294,10/1/1996,http://cfpub.epa.gov/ncea/iris/index.cfm?fuseaction=iris.showQuickView&substance_nmbr=0294
363,300720,http://www.epa.gov/iris/subst/0294.htm,294,10/1/1996,http://cfpub.epa.gov/ncea/iris/index.cfm?fuseaction=iris.showQuickView&substance_nmbr=0294
364,300721,http://www.epa.gov/iris/subst/0294.htm,294,10/1/1996,http://cfpub.epa.gov/ncea/iris/index.cfm?fuseaction=iris.showQuickView&substance_nmbr=0294
365,300722,http://www.epa.gov/iris/subst/0294.htm,294,10/1/1996,http://cfpub.epa.gov/ncea/iris/index.cfm?fuseaction=iris.showQuickView&substance_nmbr=0294
366,300723,http://www.epa.gov/iris/subst/0294.htm,294,10/1/1996,http://cfpub.epa.gov/ncea/iris/index.cfm?fuseaction=iris.showQuickView&substance_nmbr=0294
367,300724,http://www.epa.gov/iris/subst/0294.htm,294,10/1/1996,http://cfpub.epa.gov/ncea/iris/index.cfm?fuseaction=iris.showQuickView&substance_nmbr=0294
368,300725,http://www.epa.gov/iris/subst/0294.htm,294,10/1/1996,http://cfpub.epa.gov/ncea/iris/index.cfm?fuseaction=iris.showQuickView&substance_nmbr=0294
369,300726,http://www.epa.gov/iris/subst/0294.htm,294,10/1/1996,http://cfpub.epa.gov/ncea/iris/index.cfm?fuseaction=iris.showQuickView&substance_nmbr=0294
370,300727,NULL,NULL,NULL,NULL
371,300728,http://www.epa.gov/iris/subst/1010.htm,1010,6/30/2008,http://cfpub.epa.gov/ncea/iris/index.cfm?fuseaction=iris.showQuickView&substance_nmbr=1010
372,300729,NULL,NULL,NULL,NULL
373,300730,NULL,NULL,NULL,NULL
374,300731,NULL,NULL,NULL,NULL
375,300732,NULL,NULL,NULL,NULL
376,300733,NULL,NULL,NULL,NULL
377,300734,NULL,NULL,NULL,NULL
378,300736,http://www.epa.gov/iris/subst/0294.htm,294,10/1/1996,http://cfpub.epa.gov/ncea/iris/index.cfm?fuseaction=iris.showQuickView&substance_nmbr=0294
379,300737,http://www.epa.gov/iris/subst/0294.htm,294,10/1/1996,http://cfpub.epa.gov/ncea/iris/index.cfm?fuseaction=iris.showQuickView&substance_nmbr=0294
380,300739,NULL,NULL,NULL,NULL
381,300743,http://www.epa.gov/iris/subst/0294.htm,294,10/1/1996,http://cfpub.epa.gov/ncea/iris/index.cfm?fuseaction=iris.showQuickView&substance_nmbr=0294
382,300745,http://www.epa.gov/iris/subst/0294.htm,294,10/1/1996,http://cfpub.epa.gov/ncea/iris/index.cfm?fuseaction=iris.showQuickView&substance_nmbr=0294
383,300763,http://www.epa.gov/iris/subst/0294.htm,294,10/1/1996,http://cfpub.epa.gov/ncea/iris/index.cfm?fuseaction=iris.showQuickView&substance_nmbr=0294
384,300764,http://www.epa.gov/iris/subst/0294.htm,294,10/1/1996,http://cfpub.epa.gov/ncea/iris/index.cfm?fuseaction=iris.showQuickView&substance_nmbr=0294
385,300765,http://www.epa.gov/iris/subst/0294.htm,294,10/1/1996,http://cfpub.epa.gov/ncea/iris/index.cfm?fuseaction=iris.showQuickView&substance_nmbr=0294
386,300766,http://www.epa.gov/iris/subst/0294.htm,294,10/1/1996,http://cfpub.epa.gov/ncea/iris/index.cfm?fuseaction=iris.showQuickView&substance_nmbr=0294
387,300773,http://www.epa.gov/iris/subst/0294.htm,294,10/1/1996,http://cfpub.epa.gov/ncea/iris/index.cfm?fuseaction=iris.showQuickView&substance_nmbr=0294
388,300894,http://www.epa.gov/iris/subst/0294.htm,294,10/1/1996,http://cfpub.epa.gov/ncea/iris/index.cfm?fuseaction=iris.showQuickView&substance_nmbr=0294
389,300897,http://www.epa.gov/iris/subst/0294.htm,294,10/1/1996,http://cfpub.epa.gov/ncea/iris/index.cfm?fuseaction=iris.showQuickView&substance_nmbr=0294
390,300898,http://www.epa.gov/iris/subst/0294.htm,294,10/1/1996,http://cfpub.epa.gov/ncea/iris/index.cfm?fuseaction=iris.showQuickView&substance_nmbr=0294
391,300899,http://www.epa.gov/iris/subst/0294.htm,294,10/1/1996,http://cfpub.epa.gov/ncea/iris/index.cfm?fuseaction=iris.showQuickView&substance_nmbr=0294
392,300900,http://www.epa.gov/iris/subst/0294.htm,294,10/1/1996,http://cfpub.epa.gov/ncea/iris/index.cfm?fuseaction=iris.showQuickView&substance_nmbr=0294
393,300901,http://www.epa.gov/iris/subst/0294.htm,294,10/1/1996,http://cfpub.epa.gov/ncea/iris/index.cfm?fuseaction=iris.showQuickView&substance_nmbr=0294
394,300903,http://www.epa.gov/iris/subst/0294.htm,294,10/1/1996,http://cfpub.epa.gov/ncea/iris/index.cfm?fuseaction=iris.showQuickView&substance_nmbr=0294
395,300904,http://www.epa.gov/iris/subst/0294.htm,294,10/1/1996,http://cfpub.epa.gov/ncea/iris/index.cfm?fuseaction=iris.showQuickView&substance_nmbr=0294
396,300905,http://www.epa.gov/iris/subst/0294.htm,294,10/1/1996,http://cfpub.epa.gov/ncea/iris/index.cfm?fuseaction=iris.showQuickView&substance_nmbr=0294
397,300906,http://www.epa.gov/iris/subst/0294.htm,294,10/1/1996,http://cfpub.epa.gov/ncea/iris/index.cfm?fuseaction=iris.showQuickView&substance_nmbr=0294
398,300907,http://www.epa.gov/iris/subst/0294.htm,294,10/1/1996,http://cfpub.epa.gov/ncea/iris/index.cfm?fuseaction=iris.showQuickView&substance_nmbr=0294
399,300908,http://www.epa.gov/iris/subst/0294.htm,294,10/1/1996,http://cfpub.epa.gov/ncea/iris/index.cfm?fuseaction=iris.showQuickView&substance_nmbr=0294
400,300909,http://www.epa.gov/iris/subst/0294.htm,294,10/1/1996,http://cfpub.epa.gov/ncea/iris/index.cfm?fuseaction=iris.showQuickView&substance_nmbr=0294
401,300910,http://www.epa.gov/iris/subst/0294.htm,294,10/1/1996,http://cfpub.epa.gov/ncea/iris/index.cfm?fuseaction=iris.showQuickView&substance_nmbr=0294
402,300911,http://www.epa.gov/iris/subst/0294.htm,294,10/1/1996,http://cfpub.epa.gov/ncea/iris/index.cfm?fuseaction=iris.showQuickView&substance_nmbr=0294
403,300912,http://www.epa.gov/iris/subst/0294.htm,294,10/1/1996,http://cfpub.epa.gov/ncea/iris/index.cfm?fuseaction=iris.showQuickView&substance_nmbr=0294
404,300913,http://www.epa.gov/iris/subst/0294.htm,294,10/1/1996,http://cfpub.epa.gov/ncea/iris/index.cfm?fuseaction=iris.showQuickView&substance_nmbr=0294
405,300914,http://www.epa.gov/iris/subst/0294.htm,294,10/1/1996,http://cfpub.epa.gov/ncea/iris/index.cfm?fuseaction=iris.showQuickView&substance_nmbr=0294
406,300915,http://www.epa.gov/iris/subst/0294.htm,294,10/1/1996,http://cfpub.epa.gov/ncea/iris/index.cfm?fuseaction=iris.showQuickView&substance_nmbr=0294
407,300916,http://www.epa.gov/iris/subst/0294.htm,294,10/1/1996,http://cfpub.epa.gov/ncea/iris/index.cfm?fuseaction=iris.showQuickView&substance_nmbr=0294
408,300917,http://www.epa.gov/iris/subst/0294.htm,294,10/1/1996,http://cfpub.epa.gov/ncea/iris/index.cfm?fuseaction=iris.showQuickView&substance_nmbr=0294
409,300918,http://www.epa.gov/iris/subst/0294.htm,294,10/1/1996,http://cfpub.epa.gov/ncea/iris/index.cfm?fuseaction=iris.showQuickView&substance_nmbr=0294
410,300919,http://www.epa.gov/iris/subst/0294.htm,294,10/1/1996,http://cfpub.epa.gov/ncea/iris/index.cfm?fuseaction=iris.showQuickView&substance_nmbr=0294
411,300920,http://www.epa.gov/iris/subst/0294.htm,294,10/1/1996,http://cfpub.epa.gov/ncea/iris/index.cfm?fuseaction=iris.showQuickView&substance_nmbr=0294
412,300921,http://www.epa.gov/iris/subst/0294.htm,294,10/1/1996,http://cfpub.epa.gov/ncea/iris/index.cfm?fuseaction=iris.showQuickView&substance_nmbr=0294
413,300922,http://www.epa.gov/iris/subst/0294.htm,294,10/1/1996,http://cfpub.epa.gov/ncea/iris/index.cfm?fuseaction=iris.showQuickView&substance_nmbr=0294
414,300923,http://www.epa.gov/iris/subst/0294.htm,294,10/1/1996,http://cfpub.epa.gov/ncea/iris/index.cfm?fuseaction=iris.showQuickView&substance_nmbr=0294
415,300924,http://www.epa.gov/iris/subst/0294.htm,294,10/1/1996,http://cfpub.epa.gov/ncea/iris/index.cfm?fuseaction=iris.showQuickView&substance_nmbr=0294
416,300925,http://www.epa.gov/iris/subst/0294.htm,294,10/1/1996,http://cfpub.epa.gov/ncea/iris/index.cfm?fuseaction=iris.showQuickView&substance_nmbr=0294
417,300926,http://www.epa.gov/iris/subst/0294.htm,294,10/1/1996,http://cfpub.epa.gov/ncea/iris/index.cfm?fuseaction=iris.showQuickView&substance_nmbr=0294
418,300927,http://www.epa.gov/iris/subst/0294.htm,294,10/1/1996,http://cfpub.epa.gov/ncea/iris/index.cfm?fuseaction=iris.showQuickView&substance_nmbr=0294
419,300928,http://www.epa.gov/iris/subst/0294.htm,294,10/1/1996,http://cfpub.epa.gov/ncea/iris/index.cfm?fuseaction=iris.showQuickView&substance_nmbr=0294
420,300929,http://www.epa.gov/iris/subst/0294.htm,294,10/1/1996,http://cfpub.epa.gov/ncea/iris/index.cfm?fuseaction=iris.showQuickView&substance_nmbr=0294
421,300930,http://www.epa.gov/iris/subst/0294.htm,294,10/1/1996,http://cfpub.epa.gov/ncea/iris/index.cfm?fuseaction=iris.showQuickView&substance_nmbr=0294
422,300931,http://www.epa.gov/iris/subst/0294.htm,294,10/1/1996,http://cfpub.epa.gov/ncea/iris/index.cfm?fuseaction=iris.showQuickView&substance_nmbr=0294
423,300932,http://www.epa.gov/iris/subst/0294.htm,294,10/1/1996,http://cfpub.epa.gov/ncea/iris/index.cfm?fuseaction=iris.showQuickView&substance_nmbr=0294
424,300933,http://www.epa.gov/iris/subst/0294.htm,294,10/1/1996,http://cfpub.epa.gov/ncea/iris/index.cfm?fuseaction=iris.showQuickView&substance_nmbr=0294
425,300934,http://www.epa.gov/iris/subst/0294.htm,294,10/1/1996,http://cfpub.epa.gov/ncea/iris/index.cfm?fuseaction=iris.showQuickView&substance_nmbr=0294
426,300935,http://www.epa.gov/iris/subst/0294.htm,294,10/1/1996,http://cfpub.epa.gov/ncea/iris/index.cfm?fuseaction=iris.showQuickView&substance_nmbr=0294
427,300936,http://www.epa.gov/iris/subst/0294.htm,294,10/1/1996,http://cfpub.epa.gov/ncea/iris/index.cfm?fuseaction=iris.showQuickView&substance_nmbr=0294
428,300937,http://www.epa.gov/iris/subst/0294.htm,294,10/1/1996,http://cfpub.epa.gov/ncea/iris/index.cfm?fuseaction=iris.showQuickView&substance_nmbr=0294
429,300938,http://www.epa.gov/iris/subst/0294.htm,294,10/1/1996,http://cfpub.epa.gov/ncea/iris/index.cfm?fuseaction=iris.showQuickView&substance_nmbr=0294
430,300939,http://www.epa.gov/iris/subst/0294.htm,294,10/1/1996,http://cfpub.epa.gov/ncea/iris/index.cfm?fuseaction=iris.showQuickView&substance_nmbr=0294
431,300940,http://www.epa.gov/iris/subst/0294.htm,294,10/1/1996,http://cfpub.epa.gov/ncea/iris/index.cfm?fuseaction=iris.showQuickView&substance_nmbr=0294
432,300941,http://www.epa.gov/iris/subst/0294.htm,294,10/1/1996,http://cfpub.epa.gov/ncea/iris/index.cfm?fuseaction=iris.showQuickView&substance_nmbr=0294
433,300942,http://www.epa.gov/iris/subst/0294.htm,294,10/1/1996,http://cfpub.epa.gov/ncea/iris/index.cfm?fuseaction=iris.showQuickView&substance_nmbr=0294
434,300943,http://www.epa.gov/iris/subst/0294.htm,294,10/1/1996,http://cfpub.epa.gov/ncea/iris/index.cfm?fuseaction=iris.showQuickView&substance_nmbr=0294
435,300944,http://www.epa.gov/iris/subst/0294.htm,294,10/1/1996,http://cfpub.epa.gov/ncea/iris/index.cfm?fuseaction=iris.showQuickView&substance_nmbr=0294
436,300993,http://www.epa.gov/iris/subst/0294.htm,294,10/1/1996,http://cfpub.epa.gov/ncea/iris/index.cfm?fuseaction=iris.showQuickView&substance_nmbr=0294
437,300994,http://www.epa.gov/iris/subst/0294.htm,294,10/1/1996,http://cfpub.epa.gov/ncea/iris/index.cfm?fuseaction=iris.showQuickView&substance_nmbr=0294
438,300995,http://www.epa.gov/iris/subst/0294.htm,294,10/1/1996,http://cfpub.epa.gov/ncea/iris/index.cfm?fuseaction=iris.showQuickView&substance_nmbr=0294
439,300996,http://www.epa.gov/iris/subst/0294.htm,294,10/1/1996,http://cfpub.epa.gov/ncea/iris/index.cfm?fuseaction=iris.showQuickView&substance_nmbr=0294
440,300997,http://www.epa.gov/iris/subst/0294.htm,294,10/1/1996,http://cfpub.epa.gov/ncea/iris/index.cfm?fuseaction=iris.showQuickView&substance_nmbr=0294
441,300998,http://www.epa.gov/iris/subst/0294.htm,294,10/1/1996,http://cfpub.epa.gov/ncea/iris/index.cfm?fuseaction=iris.showQuickView&substance_nmbr=0294
442,300999,http://www.epa.gov/iris/subst/0294.htm,294,10/1/1996,http://cfpub.epa.gov/ncea/iris/index.cfm?fuseaction=iris.showQuickView&substance_nmbr=0294
443,301000,http://www.epa.gov/iris/subst/0294.htm,294,10/1/1996,http://cfpub.epa.gov/ncea/iris/index.cfm?fuseaction=iris.showQuickView&substance_nmbr=0294
444,301001,http://www.epa.gov/iris/subst/0294.htm,294,10/1/1996,http://cfpub.epa.gov/ncea/iris/index.cfm?fuseaction=iris.showQuickView&substance_nmbr=0294
445,301002,http://www.epa.gov/iris/subst/0294.htm,294,10/1/1996,http://cfpub.epa.gov/ncea/iris/index.cfm?fuseaction=iris.showQuickView&substance_nmbr=0294
446,301003,http://www.epa.gov/iris/subst/0294.htm,294,10/1/1996,http://cfpub.epa.gov/ncea/iris/index.cfm?fuseaction=iris.showQuickView&substance_nmbr=0294
447,301004,http://www.epa.gov/iris/subst/0294.htm,294,10/1/1996,http://cfpub.epa.gov/ncea/iris/index.cfm?fuseaction=iris.showQuickView&substance_nmbr=0294
448,301005,http://www.epa.gov/iris/subst/0294.htm,294,10/1/1996,http://cfpub.epa.gov/ncea/iris/index.cfm?fuseaction=iris.showQuickView&substance_nmbr=0294
449,301006,http://www.epa.gov/iris/subst/0294.htm,294,10/1/1996,http://cfpub.epa.gov/ncea/iris/index.cfm?fuseaction=iris.showQuickView&substance_nmbr=0294
450,301007,http://www.epa.gov/iris/subst/0294.htm,294,10/1/1996,http://cfpub.epa.gov/ncea/iris/index.cfm?fuseaction=iris.showQuickView&substance_nmbr=0294
451,301008,http://www.epa.gov/iris/subst/0294.htm,294,10/1/1996,http://cfpub.epa.gov/ncea/iris/index.cfm?fuseaction=iris.showQuickView&substance_nmbr=0294
452,301009,http://www.epa.gov/iris/subst/0294.htm,294,10/1/1996,http://cfpub.epa.gov/ncea/iris/index.cfm?fuseaction=iris.showQuickView&substance_nmbr=0294
453,301010,http://www.epa.gov/iris/subst/0294.htm,294,10/1/1996,http://cfpub.epa.gov/ncea/iris/index.cfm?fuseaction=iris.showQuickView&substance_nmbr=0294
454,301011,http://www.epa.gov/iris/subst/0294.htm,294,10/1/1996,http://cfpub.epa.gov/ncea/iris/index.cfm?fuseaction=iris.showQuickView&substance_nmbr=0294
455,301017,http://www.epa.gov/iris/subst/0294.htm,294,10/1/1996,http://cfpub.epa.gov/ncea/iris/index.cfm?fuseaction=iris.showQuickView&substance_nmbr=0294
456,301018,http://www.epa.gov/iris/subst/0294.htm,294,10/1/1996,http://cfpub.epa.gov/ncea/iris/index.cfm?fuseaction=iris.showQuickView&substance_nmbr=0294
457,301019,http://www.epa.gov/iris/subst/0294.htm,294,10/1/1996,http://cfpub.epa.gov/ncea/iris/index.cfm?fuseaction=iris.showQuickView&substance_nmbr=0294
458,301020,http://www.epa.gov/iris/subst/0294.htm,294,10/1/1996,http://cfpub.epa.gov/ncea/iris/index.cfm?fuseaction=iris.showQuickView&substance_nmbr=0294
459,301021,http://www.epa.gov/iris/subst/0294.htm,294,10/1/1996,http://cfpub.epa.gov/ncea/iris/index.cfm?fuseaction=iris.showQuickView&substance_nmbr=0294
460,301022,http://www.epa.gov/iris/subst/0294.htm,294,10/1/1996,http://cfpub.epa.gov/ncea/iris/index.cfm?fuseaction=iris.showQuickView&substance_nmbr=0294
461,301023,http://www.epa.gov/iris/subst/0294.htm,294,10/1/1996,http://cfpub.epa.gov/ncea/iris/index.cfm?fuseaction=iris.showQuickView&substance_nmbr=0294
462,301024,http://www.epa.gov/iris/subst/0294.htm,294,10/1/1996,http://cfpub.epa.gov/ncea/iris/index.cfm?fuseaction=iris.showQuickView&substance_nmbr=0294
463,301025,http://www.epa.gov/iris/subst/0294.htm,294,10/1/1996,http://cfpub.epa.gov/ncea/iris/index.cfm?fuseaction=iris.showQuickView&substance_nmbr=0294
464,301026,http://www.epa.gov/iris/subst/0294.htm,294,10/1/1996,http://cfpub.epa.gov/ncea/iris/index.cfm?fuseaction=iris.showQuickView&substance_nmbr=0294
465,301027,http://www.epa.gov/iris/subst/0294.htm,294,10/1/1996,http://cfpub.epa.gov/ncea/iris/index.cfm?fuseaction=iris.showQuickView&substance_nmbr=0294
466,301028,http://www.epa.gov/iris/subst/0294.htm,294,10/1/1996,http://cfpub.epa.gov/ncea/iris/index.cfm?fuseaction=iris.showQuickView&substance_nmbr=0294
467,301029,http://www.epa.gov/iris/subst/0294.htm,294,10/1/1996,http://cfpub.epa.gov/ncea/iris/index.cfm?fuseaction=iris.showQuickView&substance_nmbr=0294
468,301030,http://www.epa.gov/iris/subst/0294.htm,294,10/1/1996,http://cfpub.epa.gov/ncea/iris/index.cfm?fuseaction=iris.showQuickView&substance_nmbr=0294
469,301031,http://www.epa.gov/iris/subst/0294.htm,294,10/1/1996,http://cfpub.epa.gov/ncea/iris/index.cfm?fuseaction=iris.showQuickView&substance_nmbr=0294
470,301032,http://www.epa.gov/iris/subst/0294.htm,294,10/1/1996,http://cfpub.epa.gov/ncea/iris/index.cfm?fuseaction=iris.showQuickView&substance_nmbr=0294
471,301033,http://www.epa.gov/iris/subst/0294.htm,294,10/1/1996,http://cfpub.epa.gov/ncea/iris/index.cfm?fuseaction=iris.showQuickView&substance_nmbr=0294
472,301034,http://www.epa.gov/iris/subst/0294.htm,294,10/1/1996,http://cfpub.epa.gov/ncea/iris/index.cfm?fuseaction=iris.showQuickView&substance_nmbr=0294
473,301035,http://www.epa.gov/iris/subst/0294.htm,294,10/1/1996,http://cfpub.epa.gov/ncea/iris/index.cfm?fuseaction=iris.showQuickView&substance_nmbr=0294
474,301036,http://www.epa.gov/iris/subst/0294.htm,294,10/1/1996,http://cfpub.epa.gov/ncea/iris/index.cfm?fuseaction=iris.showQuickView&substance_nmbr=0294
475,301037,http://www.epa.gov/iris/subst/0294.htm,294,10/1/1996,http://cfpub.epa.gov/ncea/iris/index.cfm?fuseaction=iris.showQuickView&substance_nmbr=0294
476,301038,http://www.epa.gov/iris/subst/0294.htm,294,10/1/1996,http://cfpub.epa.gov/ncea/iris/index.cfm?fuseaction=iris.showQuickView&substance_nmbr=0294
477,301039,http://www.epa.gov/iris/subst/0294.htm,294,10/1/1996,http://cfpub.epa.gov/ncea/iris/index.cfm?fuseaction=iris.showQuickView&substance_nmbr=0294
478,301040,http://www.epa.gov/iris/subst/0294.htm,294,10/1/1996,http://cfpub.epa.gov/ncea/iris/index.cfm?fuseaction=iris.showQuickView&substance_nmbr=0294
479,301041,http://www.epa.gov/iris/subst/0294.htm,294,10/1/1996,http://cfpub.epa.gov/ncea/iris/index.cfm?fuseaction=iris.showQuickView&substance_nmbr=0294
480,301042,http://www.epa.gov/iris/subst/0294.htm,294,10/1/1996,http://cfpub.epa.gov/ncea/iris/index.cfm?fuseaction=iris.showQuickView&substance_nmbr=0294
481,301043,http://www.epa.gov/iris/subst/0294.htm,294,10/1/1996,http://cfpub.epa.gov/ncea/iris/index.cfm?fuseaction=iris.showQuickView&substance_nmbr=0294
482,301044,http://www.epa.gov/iris/subst/0294.htm,294,10/1/1996,http://cfpub.epa.gov/ncea/iris/index.cfm?fuseaction=iris.showQuickView&substance_nmbr=0294
483,301045,http://www.epa.gov/iris/subst/0294.htm,294,10/1/1996,http://cfpub.epa.gov/ncea/iris/index.cfm?fuseaction=iris.showQuickView&substance_nmbr=0294
484,301046,http://www.epa.gov/iris/subst/0294.htm,294,10/1/1996,http://cfpub.epa.gov/ncea/iris/index.cfm?fuseaction=iris.showQuickView&substance_nmbr=0294
485,301047,http://www.epa.gov/iris/subst/0294.htm,294,10/1/1996,http://cfpub.epa.gov/ncea/iris/index.cfm?fuseaction=iris.showQuickView&substance_nmbr=0294
486,301048,http://www.epa.gov/iris/subst/0294.htm,294,10/1/1996,http://cfpub.epa.gov/ncea/iris/index.cfm?fuseaction=iris.showQuickView&substance_nmbr=0294
487,301049,http://www.epa.gov/iris/subst/0294.htm,294,10/1/1996,http://cfpub.epa.gov/ncea/iris/index.cfm?fuseaction=iris.showQuickView&substance_nmbr=0294
488,301050,http://www.epa.gov/iris/subst/0294.htm,294,10/1/1996,http://cfpub.epa.gov/ncea/iris/index.cfm?fuseaction=iris.showQuickView&substance_nmbr=0294
489,301051,http://www.epa.gov/iris/subst/0294.htm,294,10/1/1996,http://cfpub.epa.gov/ncea/iris/index.cfm?fuseaction=iris.showQuickView&substance_nmbr=0294
490,301052,http://www.epa.gov/iris/subst/0294.htm,294,10/1/1996,http://cfpub.epa.gov/ncea/iris/index.cfm?fuseaction=iris.showQuickView&substance_nmbr=0294
491,301053,http://www.epa.gov/iris/subst/0294.htm,294,10/1/1996,http://cfpub.epa.gov/ncea/iris/index.cfm?fuseaction=iris.showQuickView&substance_nmbr=0294
492,301054,http://www.epa.gov/iris/subst/0294.htm,294,10/1/1996,http://cfpub.epa.gov/ncea/iris/index.cfm?fuseaction=iris.showQuickView&substance_nmbr=0294
493,301055,http://www.epa.gov/iris/subst/0294.htm,294,10/1/1996,http://cfpub.epa.gov/ncea/iris/index.cfm?fuseaction=iris.showQuickView&substance_nmbr=0294
494,301056,http://www.epa.gov/iris/subst/0294.htm,294,10/1/1996,http://cfpub.epa.gov/ncea/iris/index.cfm?fuseaction=iris.showQuickView&substance_nmbr=0294
495,301057,http://www.epa.gov/iris/subst/0294.htm,294,10/1/1996,http://cfpub.epa.gov/ncea/iris/index.cfm?fuseaction=iris.showQuickView&substance_nmbr=0294
496,301058,http://www.epa.gov/iris/subst/0294.htm,294,10/1/1996,http://cfpub.epa.gov/ncea/iris/index.cfm?fuseaction=iris.showQuickView&substance_nmbr=0294
497,301059,http://www.epa.gov/iris/subst/0294.htm,294,10/1/1996,http://cfpub.epa.gov/ncea/iris/index.cfm?fuseaction=iris.showQuickView&substance_nmbr=0294
498,301060,http://www.epa.gov/iris/subst/0294.htm,294,10/1/1996,http://cfpub.epa.gov/ncea/iris/index.cfm?fuseaction=iris.showQuickView&substance_nmbr=0294
499,301061,http://www.epa.gov/iris/subst/0294.htm,294,10/1/1996,http://cfpub.epa.gov/ncea/iris/index.cfm?fuseaction=iris.showQuickView&substance_nmbr=0294
500,301062,http://www.epa.gov/iris/subst/0294.htm,294,10/1/1996,http://cfpub.epa.gov/ncea/iris/index.cfm?fuseaction=iris.showQuickView&substance_nmbr=0294
501,301063,http://www.epa.gov/iris/subst/0294.htm,294,10/1/1996,http://cfpub.epa.gov/ncea/iris/index.cfm?fuseaction=iris.showQuickView&substance_nmbr=0294
502,301064,http://www.epa.gov/iris/subst/0294.htm,294,10/1/1996,http://cfpub.epa.gov/ncea/iris/index.cfm?fuseaction=iris.showQuickView&substance_nmbr=0294
503,301065,http://www.epa.gov/iris/subst/0294.htm,294,10/1/1996,http://cfpub.epa.gov/ncea/iris/index.cfm?fuseaction=iris.showQuickView&substance_nmbr=0294
504,301066,http://www.epa.gov/iris/subst/0294.htm,294,10/1/1996,http://cfpub.epa.gov/ncea/iris/index.cfm?fuseaction=iris.showQuickView&substance_nmbr=0294
505,301067,http://www.epa.gov/iris/subst/0294.htm,294,10/1/1996,http://cfpub.epa.gov/ncea/iris/index.cfm?fuseaction=iris.showQuickView&substance_nmbr=0294
506,301068,http://www.epa.gov/iris/subst/0294.htm,294,10/1/1996,http://cfpub.epa.gov/ncea/iris/index.cfm?fuseaction=iris.showQuickView&substance_nmbr=0294
507,301069,http://www.epa.gov/iris/subst/0294.htm,294,10/1/1996,http://cfpub.epa.gov/ncea/iris/index.cfm?fuseaction=iris.showQuickView&substance_nmbr=0294
508,301070,http://www.epa.gov/iris/subst/0294.htm,294,10/1/1996,http://cfpub.epa.gov/ncea/iris/index.cfm?fuseaction=iris.showQuickView&substance_nmbr=0294
509,301071,http://www.epa.gov/iris/subst/0294.htm,294,10/1/1996,http://cfpub.epa.gov/ncea/iris/index.cfm?fuseaction=iris.showQuickView&substance_nmbr=0294
510,301072,http://www.epa.gov/iris/subst/0294.htm,294,10/1/1996,http://cfpub.epa.gov/ncea/iris/index.cfm?fuseaction=iris.showQuickView&substance_nmbr=0294
511,301073,http://www.epa.gov/iris/subst/0294.htm,294,10/1/1996,http://cfpub.epa.gov/ncea/iris/index.cfm?fuseaction=iris.showQuickView&substance_nmbr=0294
512,301074,http://www.epa.gov/iris/subst/0294.htm,294,10/1/1996,http://cfpub.epa.gov/ncea/iris/index.cfm?fuseaction=iris.showQuickView&substance_nmbr=0294
513,301075,http://www.epa.gov/iris/subst/0294.htm,294,10/1/1996,http://cfpub.epa.gov/ncea/iris/index.cfm?fuseaction=iris.showQuickView&substance_nmbr=0294
514,301076,http://www.epa.gov/iris/subst/0294.htm,294,10/1/1996,http://cfpub.epa.gov/ncea/iris/index.cfm?fuseaction=iris.showQuickView&substance_nmbr=0294
515,301077,http://www.epa.gov/iris/subst/0294.htm,294,10/1/1996,http://cfpub.epa.gov/ncea/iris/index.cfm?fuseaction=iris.showQuickView&substance_nmbr=0294
516,301078,http://www.epa.gov/iris/subst/0294.htm,294,10/1/1996,http://cfpub.epa.gov/ncea/iris/index.cfm?fuseaction=iris.showQuickView&substance_nmbr=0294
517,301079,http://www.epa.gov/iris/subst/0294.htm,294,10/1/1996,http://cfpub.epa.gov/ncea/iris/index.cfm?fuseaction=iris.showQuickView&substance_nmbr=0294
518,301080,http://www.epa.gov/iris/subst/0294.htm,294,10/1/1996,http://cfpub.epa.gov/ncea/iris/index.cfm?fuseaction=iris.showQuickView&substance_nmbr=0294
519,301081,http://www.epa.gov/iris/subst/0294.htm,294,10/1/1996,http://cfpub.epa.gov/ncea/iris/index.cfm?fuseaction=iris.showQuickView&substance_nmbr=0294
520,301082,http://www.epa.gov/iris/subst/0294.htm,294,10/1/1996,http://cfpub.epa.gov/ncea/iris/index.cfm?fuseaction=iris.showQuickView&substance_nmbr=0294
521,301083,http://www.epa.gov/iris/subst/0294.htm,294,10/1/1996,http://cfpub.epa.gov/ncea/iris/index.cfm?fuseaction=iris.showQuickView&substance_nmbr=0294
522,301084,http://www.epa.gov/iris/subst/0294.htm,294,10/1/1996,http://cfpub.epa.gov/ncea/iris/index.cfm?fuseaction=iris.showQuickView&substance_nmbr=0294
523,301085,http://www.epa.gov/iris/subst/0294.htm,294,10/1/1996,http://cfpub.epa.gov/ncea/iris/index.cfm?fuseaction=iris.showQuickView&substance_nmbr=0294
524,301086,http://www.epa.gov/iris/subst/0294.htm,294,10/1/1996,http://cfpub.epa.gov/ncea/iris/index.cfm?fuseaction=iris.showQuickView&substance_nmbr=0294
525,301087,http://www.epa.gov/iris/subst/0294.htm,294,10/1/1996,http://cfpub.epa.gov/ncea/iris/index.cfm?fuseaction=iris.showQuickView&substance_nmbr=0294
526,301088,http://www.epa.gov/iris/subst/0294.htm,294,10/1/1996,http://cfpub.epa.gov/ncea/iris/index.cfm?fuseaction=iris.showQuickView&substance_nmbr=0294
527,301089,http://www.epa.gov/iris/subst/0294.htm,294,10/1/1996,http://cfpub.epa.gov/ncea/iris/index.cfm?fuseaction=iris.showQuickView&substance_nmbr=0294
528,301090,http://www.epa.gov/iris/subst/0294.htm,294,10/1/1996,http://cfpub.epa.gov/ncea/iris/index.cfm?fuseaction=iris.showQuickView&substance_nmbr=0294
529,301091,http://www.epa.gov/iris/subst/0294.htm,294,10/1/1996,http://cfpub.epa.gov/ncea/iris/index.cfm?fuseaction=iris.showQuickView&substance_nmbr=0294
530,301092,http://www.epa.gov/iris/subst/0294.htm,294,10/1/1996,http://cfpub.epa.gov/ncea/iris/index.cfm?fuseaction=iris.showQuickView&substance_nmbr=0294
531,301093,NULL,NULL,NULL,NULL
532,301094,NULL,NULL,NULL,NULL
533,301095,NULL,NULL,NULL,NULL
534,301096,NULL,NULL,NULL,NULL
535,301097,NULL,NULL,NULL,NULL
536,301098,NULL,NULL,NULL,NULL
537,301099,NULL,NULL,NULL,NULL
538,301100,NULL,NULL,NULL,NULL
539,301101,NULL,NULL,NULL,NULL
540,301102,NULL,NULL,NULL,NULL
541,301103,NULL,NULL,NULL,NULL
542,301104,NULL,NULL,NULL,NULL
543,301105,NULL,NULL,NULL,NULL
544,301106,NULL,NULL,NULL,NULL
545,301107,NULL,NULL,NULL,NULL
546,301108,NULL,NULL,NULL,NULL
547,301109,http://www.epa.gov/iris/subst/0354.htm,354,5/1/1989,http://cfpub.epa.gov/ncea/iris/index.cfm?fuseaction=iris.showQuickView&substance_nmbr=0354
548,301110,NULL,NULL,NULL,NULL
549,301111,http://www.epa.gov/iris/subst/0176.htm,176,7/1/1992,http://cfpub.epa.gov/ncea/iris/index.cfm?fuseaction=iris.showQuickView&substance_nmbr=0176
550,301112,NULL,NULL,NULL,NULL
551,301113,NULL,NULL,NULL,NULL
552,301114,NULL,NULL,NULL,NULL
553,301115,NULL,NULL,NULL,NULL
554,301116,NULL,NULL,NULL,NULL
555,301117,NULL,NULL,NULL,NULL
556,301118,NULL,NULL,NULL,NULL
557,301119,NULL,NULL,NULL,NULL
558,301120,NULL,NULL,NULL,NULL
559,301121,NULL,NULL,NULL,NULL
560,301122,NULL,NULL,NULL,NULL
561,301123,NULL,NULL,NULL,NULL
562,301124,NULL,NULL,NULL,NULL
563,301125,http://www.epa.gov/iris/subst/0239.htm,239,5/1/1991,http://cfpub.epa.gov/ncea/iris/index.cfm?fuseaction=iris.showQuickView&substance_nmbr=0239
564,301126,NULL,NULL,NULL,NULL
565,301127,NULL,NULL,NULL,NULL
566,301128,NULL,NULL,NULL,NULL
567,301129,NULL,NULL,NULL,NULL
568,301130,NULL,NULL,NULL,NULL
569,301131,NULL,NULL,NULL,NULL
570,301132,NULL,NULL,NULL,NULL
571,301133,NULL,NULL,NULL,NULL
572,301134,NULL,NULL,NULL,NULL
573,301135,NULL,NULL,NULL,NULL
574,301136,NULL,NULL,NULL,NULL
575,301137,NULL,NULL,NULL,NULL
576,301138,NULL,NULL,NULL,NULL
577,301139,NULL,NULL,NULL,NULL
578,301140,NULL,NULL,NULL,NULL
579,301141,NULL,NULL,NULL,NULL
580,301142,http://www.epa.gov/iris/subst/0133.htm,133,3/31/1987,http://cfpub.epa.gov/ncea/iris/index.cfm?fuseaction=iris.showQuickView&substance_nmbr=0133
581,301143,NULL,NULL,NULL,NULL
582,301144,NULL,NULL,NULL,NULL
583,301145,NULL,NULL,NULL,NULL
584,301146,NULL,NULL,NULL,NULL
585,301147,NULL,NULL,NULL,NULL
586,301148,NULL,NULL,NULL,NULL
587,301149,NULL,NULL,NULL,NULL
588,301150,NULL,NULL,NULL,NULL
589,301151,NULL,NULL,NULL,NULL
590,301152,NULL,NULL,NULL,NULL
591,301153,NULL,NULL,NULL,NULL
592,301154,NULL,NULL,NULL,NULL
593,301155,NULL,NULL,NULL,NULL
594,301156,http://www.epa.gov/iris/subst/0043.htm,43,8/22/1988,http://cfpub.epa.gov/ncea/iris/index.cfm?fuseaction=iris.showQuickView&substance_nmbr=0043
595,301158,NULL,NULL,NULL,NULL
596,301159,NULL,NULL,NULL,NULL
597,301160,http://www.epa.gov/iris/subst/0220.htm,220,9/30/1987,http://cfpub.epa.gov/ncea/iris/index.cfm?fuseaction=iris.showQuickView&substance_nmbr=0220
598,301161,NULL,NULL,NULL,NULL
599,301162,NULL,NULL,NULL,NULL
600,301163,NULL,NULL,NULL,NULL
601,301164,NULL,NULL,NULL,NULL
602,301165,NULL,NULL,NULL,NULL
603,301166,NULL,NULL,NULL,NULL
604,301167,NULL,NULL,NULL,NULL
605,301168,NULL,NULL,NULL,NULL
606,301169,NULL,NULL,NULL,NULL
607,301170,http://www.epa.gov/iris/subst/0158.htm,158,3/31/1987,http://cfpub.epa.gov/ncea/iris/index.cfm?fuseaction=iris.showQuickView&substance_nmbr=0158
608,301171,NULL,NULL,NULL,NULL
609,301172,NULL,NULL,NULL,NULL
610,301173,NULL,NULL,NULL,NULL
611,301174,NULL,NULL,NULL,NULL
612,301175,NULL,NULL,NULL,NULL
613,301176,NULL,NULL,NULL,NULL
614,301177,NULL,NULL,NULL,NULL
615,301178,NULL,NULL,NULL,NULL
616,301179,NULL,NULL,NULL,NULL
617,301182,NULL,NULL,NULL,NULL
618,301183,NULL,NULL,NULL,NULL
619,301184,NULL,NULL,NULL,NULL
620,301185,NULL,NULL,NULL,NULL
621,301186,NULL,NULL,NULL,NULL
622,301187,NULL,NULL,NULL,NULL
623,301188,NULL,NULL,NULL,NULL
624,301189,NULL,NULL,NULL,NULL
625,301190,NULL,NULL,NULL,NULL
626,301191,NULL,NULL,NULL,NULL
627,301192,NULL,NULL,NULL,NULL
628,301193,NULL,NULL,NULL,NULL
629,301194,NULL,NULL,NULL,NULL
630,301195,NULL,NULL,NULL,NULL
631,301196,NULL,NULL,NULL,NULL
632,301197,http://www.epa.gov/iris/subst/0362.htm,362,9/7/1988,http://cfpub.epa.gov/ncea/iris/index.cfm?fuseaction=iris.showQuickView&substance_nmbr=0362
633,301198,NULL,NULL,NULL,NULL
634,301199,NULL,NULL,NULL,NULL
635,301200,NULL,NULL,NULL,NULL
636,301201,NULL,NULL,NULL,NULL
637,301202,NULL,NULL,NULL,NULL
638,301203,NULL,NULL,NULL,NULL
639,301204,NULL,NULL,NULL,NULL
640,301205,NULL,NULL,NULL,NULL
641,301206,NULL,NULL,NULL,NULL
642,301207,NULL,NULL,NULL,NULL
643,301208,NULL,NULL,NULL,NULL
644,301209,NULL,NULL,NULL,NULL
645,301210,NULL,NULL,NULL,NULL
646,301211,http://www.epa.gov/iris/subst/0521.htm,521,9/1/1993,http://cfpub.epa.gov/ncea/iris/index.cfm?fuseaction=iris.showQuickView&substance_nmbr=0521
647,301212,NULL,NULL,NULL,NULL
648,301213,NULL,NULL,NULL,NULL
649,301214,NULL,NULL,NULL,NULL
650,301215,NULL,NULL,NULL,NULL
651,301216,NULL,NULL,NULL,NULL
652,301217,NULL,NULL,NULL,NULL
653,301218,http://www.epa.gov/iris/subst/0323.htm,323,9/7/1988,http://cfpub.epa.gov/ncea/iris/index.cfm?fuseaction=iris.showQuickView&substance_nmbr=0323
654,301219,NULL,NULL,NULL,NULL
655,301220,NULL,NULL,NULL,NULL
656,301221,NULL,NULL,NULL,NULL
657,301222,NULL,NULL,NULL,NULL
658,301223,http://www.epa.gov/iris/subst/0124.htm,124,1/31/1987,http://cfpub.epa.gov/ncea/iris/index.cfm?fuseaction=iris.showQuickView&substance_nmbr=0124
659,301224,NULL,NULL,NULL,NULL
660,301225,http://www.epa.gov/iris/subst/0068.htm,68,1/31/1987,http://cfpub.epa.gov/ncea/iris/index.cfm?fuseaction=iris.showQuickView&substance_nmbr=0068
661,301226,http://www.epa.gov/iris/subst/0613.htm,613,10/1/1992,http://cfpub.epa.gov/ncea/iris/index.cfm?fuseaction=iris.showQuickView&substance_nmbr=0613
662,301227,NULL,NULL,NULL,NULL
663,301228,NULL,NULL,NULL,NULL
664,301229,NULL,NULL,NULL,NULL
665,301230,NULL,NULL,NULL,NULL
666,301231,NULL,NULL,NULL,NULL
667,301232,NULL,NULL,NULL,NULL
668,301233,NULL,NULL,NULL,NULL
669,301234,NULL,NULL,NULL,NULL
670,301235,NULL,NULL,NULL,NULL
671,301236,NULL,NULL,NULL,NULL
672,301237,NULL,NULL,NULL,NULL
673,301238,NULL,NULL,NULL,NULL
674,301239,NULL,NULL,NULL,NULL
675,301240,NULL,NULL,NULL,NULL
676,301241,NULL,NULL,NULL,NULL
677,301242,NULL,NULL,NULL,NULL
678,301243,http://www.epa.gov/iris/subst/0266.htm,266,9/30/1987,http://cfpub.epa.gov/ncea/iris/index.cfm?fuseaction=iris.showQuickView&substance_nmbr=0266
679,301244,NULL,NULL,NULL,NULL
680,301245,NULL,NULL,NULL,NULL
681,301246,NULL,NULL,NULL,NULL
682,301247,NULL,NULL,NULL,NULL
683,301248,NULL,NULL,NULL,NULL
684,301249,NULL,NULL,NULL,NULL
685,301250,NULL,NULL,NULL,NULL
686,301251,NULL,NULL,NULL,NULL
687,301252,NULL,NULL,NULL,NULL
688,301253,NULL,NULL,NULL,NULL
689,301254,NULL,NULL,NULL,NULL
690,301255,NULL,NULL,NULL,NULL
691,301256,NULL,NULL,NULL,NULL
692,301257,NULL,NULL,NULL,NULL
693,301258,NULL,NULL,NULL,NULL
694,301259,NULL,NULL,NULL,NULL
695,301260,NULL,NULL,NULL,NULL
696,301261,NULL,NULL,NULL,NULL
697,301262,NULL,NULL,NULL,NULL
698,301263,NULL,NULL,NULL,NULL
699,301264,NULL,NULL,NULL,NULL
700,301265,NULL,NULL,NULL,NULL
701,301266,NULL,NULL,NULL,NULL
702,301267,NULL,NULL,NULL,NULL
703,301268,NULL,NULL,NULL,NULL
704,301269,NULL,NULL,NULL,NULL
705,301270,NULL,NULL,NULL,NULL
706,301271,NULL,NULL,NULL,NULL
707,301272,NULL,NULL,NULL,NULL
708,301273,http://www.epa.gov/iris/subst/0064.htm,64,1/31/1987,http://cfpub.epa.gov/ncea/iris/index.cfm?fuseaction=iris.showQuickView&substance_nmbr=0064
709,301274,NULL,NULL,NULL,NULL
710,301275,NULL,NULL,NULL,NULL
711,301276,NULL,NULL,NULL,NULL
712,301277,NULL,NULL,NULL,NULL
713,301278,NULL,NULL,NULL,NULL
714,301279,NULL,NULL,NULL,NULL
715,301280,NULL,NULL,NULL,NULL
716,301281,NULL,NULL,NULL,NULL
717,301282,NULL,NULL,NULL,NULL
718,301283,NULL,NULL,NULL,NULL
719,301284,NULL,NULL,NULL,NULL
720,301285,NULL,NULL,NULL,NULL
721,301286,NULL,NULL,NULL,NULL
722,301287,NULL,NULL,NULL,NULL
723,301288,http://www.epa.gov/iris/subst/0242.htm,242,8/22/1988,http://cfpub.epa.gov/ncea/iris/index.cfm?fuseaction=iris.showQuickView&substance_nmbr=0242
724,301289,NULL,NULL,NULL,NULL
725,301290,NULL,NULL,NULL,NULL
726,301291,http://www.epa.gov/iris/subst/0189.htm,189,3/31/1987,http://cfpub.epa.gov/ncea/iris/index.cfm?fuseaction=iris.showQuickView&substance_nmbr=0189
727,301292,NULL,NULL,NULL,NULL
728,301293,NULL,NULL,NULL,NULL
729,301294,NULL,NULL,NULL,NULL
730,301295,NULL,NULL,NULL,NULL
731,301296,NULL,NULL,NULL,NULL
732,301297,NULL,NULL,NULL,NULL
733,301298,NULL,NULL,NULL,NULL
734,301299,NULL,NULL,NULL,NULL
735,301300,NULL,NULL,NULL,NULL
736,301301,NULL,NULL,NULL,NULL
737,301302,NULL,NULL,NULL,NULL
738,301303,http://www.epa.gov/iris/subst/0341.htm,341,5/1/1989,http://cfpub.epa.gov/ncea/iris/index.cfm?fuseaction=iris.showQuickView&substance_nmbr=0341
739,301304,NULL,NULL,NULL,NULL
740,301305,NULL,NULL,NULL,NULL
741,301306,http://www.epa.gov/iris/subst/0182.htm,182,3/31/1987,http://cfpub.epa.gov/ncea/iris/index.cfm?fuseaction=iris.showQuickView&substance_nmbr=0182
742,301307,NULL,NULL,NULL,NULL
743,301308,http://www.epa.gov/iris/subst/0194.htm,194,3/31/1987,http://cfpub.epa.gov/ncea/iris/index.cfm?fuseaction=iris.showQuickView&substance_nmbr=0194
744,301309,NULL,NULL,NULL,NULL
745,301310,NULL,NULL,NULL,NULL
746,301311,NULL,NULL,NULL,NULL
747,301312,NULL,NULL,NULL,NULL
748,301313,NULL,NULL,NULL,NULL
749,301314,NULL,NULL,NULL,NULL
750,301315,NULL,NULL,NULL,NULL
751,301316,NULL,NULL,NULL,NULL
752,301317,NULL,NULL,NULL,NULL
753,301318,NULL,NULL,NULL,NULL
754,301319,http://www.epa.gov/iris/subst/0240.htm,240,9/30/1987,http://cfpub.epa.gov/ncea/iris/index.cfm?fuseaction=iris.showQuickView&substance_nmbr=0240
755,301320,NULL,NULL,NULL,NULL
756,301321,NULL,NULL,NULL,NULL
757,301322,http://www.epa.gov/iris/subst/0168.htm,168,3/31/1987,http://cfpub.epa.gov/ncea/iris/index.cfm?fuseaction=iris.showQuickView&substance_nmbr=0168
758,301323,http://www.epa.gov/iris/subst/0394.htm,394,5/1/1989,http://cfpub.epa.gov/ncea/iris/index.cfm?fuseaction=iris.showQuickView&substance_nmbr=0394
759,301324,NULL,NULL,NULL,NULL
760,301325,NULL,NULL,NULL,NULL
761,301326,NULL,NULL,NULL,NULL
762,301327,http://www.epa.gov/iris/subst/0367.htm,367,11/1/1992,http://cfpub.epa.gov/ncea/iris/index.cfm?fuseaction=iris.showQuickView&substance_nmbr=0367
763,301328,NULL,NULL,NULL,NULL
764,301329,NULL,NULL,NULL,NULL
765,301330,NULL,NULL,NULL,NULL
766,301331,NULL,NULL,NULL,NULL
767,301332,NULL,NULL,NULL,NULL
768,301333,NULL,NULL,NULL,NULL
769,301334,NULL,NULL,NULL,NULL
770,301335,http://www.epa.gov/iris/subst/0299.htm,299,9/26/1988,http://cfpub.epa.gov/ncea/iris/index.cfm?fuseaction=iris.showQuickView&substance_nmbr=0299
771,301336,NULL,NULL,NULL,NULL
772,301337,NULL,NULL,NULL,NULL
773,301338,NULL,NULL,NULL,NULL
774,301339,NULL,NULL,NULL,NULL
775,301340,NULL,NULL,NULL,NULL
776,301341,NULL,NULL,NULL,NULL
777,301342,NULL,NULL,NULL,NULL
778,301344,NULL,NULL,NULL,NULL
779,301345,NULL,NULL,NULL,NULL
780,301346,NULL,NULL,NULL,NULL
781,301347,NULL,NULL,NULL,NULL
782,301348,NULL,NULL,NULL,NULL
783,301349,NULL,NULL,NULL,NULL
784,301350,NULL,NULL,NULL,NULL
785,301351,NULL,NULL,NULL,NULL
786,301352,NULL,NULL,NULL,NULL
787,301353,NULL,NULL,NULL,NULL
788,301354,NULL,NULL,NULL,NULL
789,301355,NULL,NULL,NULL,NULL
790,301356,NULL,NULL,NULL,NULL
791,301357,NULL,NULL,NULL,NULL
792,301358,NULL,NULL,NULL,NULL
793,301359,NULL,NULL,NULL,NULL
794,301360,NULL,NULL,NULL,NULL
795,301361,NULL,NULL,NULL,NULL
796,301362,NULL,NULL,NULL,NULL
797,301363,NULL,NULL,NULL,NULL
798,301364,http://www.epa.gov/iris/subst/0138.htm,138,9/7/1988,http://cfpub.epa.gov/ncea/iris/index.cfm?fuseaction=iris.showQuickView&substance_nmbr=0138
799,301365,NULL,NULL,NULL,NULL
800,301366,NULL,NULL,NULL,NULL
801,301367,NULL,NULL,NULL,NULL
802,301368,NULL,NULL,NULL,NULL
803,301369,NULL,NULL,NULL,NULL
804,301370,NULL,NULL,NULL,NULL
805,301371,NULL,NULL,NULL,NULL
806,301372,NULL,NULL,NULL,NULL
807,301373,http://www.epa.gov/iris/subst/0296.htm,296,5/1/1990,http://cfpub.epa.gov/ncea/iris/index.cfm?fuseaction=iris.showQuickView&substance_nmbr=0296
808,301374,NULL,NULL,NULL,NULL
809,301375,NULL,NULL,NULL,NULL
810,301376,NULL,NULL,NULL,NULL
811,301377,http://www.epa.gov/iris/subst/0343.htm,343,9/26/1988,http://cfpub.epa.gov/ncea/iris/index.cfm?fuseaction=iris.showQuickView&substance_nmbr=0343
812,301378,NULL,NULL,NULL,NULL
813,301379,NULL,NULL,NULL,NULL
814,301380,NULL,NULL,NULL,NULL
815,301381,NULL,NULL,NULL,NULL
816,301382,NULL,NULL,NULL,NULL
817,301383,NULL,NULL,NULL,NULL
818,301384,NULL,NULL,NULL,NULL
819,301385,http://www.epa.gov/iris/subst/0161.htm,161,3/1/1988,http://cfpub.epa.gov/ncea/iris/index.cfm?fuseaction=iris.showQuickView&substance_nmbr=0161
820,301386,NULL,NULL,NULL,NULL
821,301387,NULL,NULL,NULL,NULL
822,301388,NULL,NULL,NULL,NULL
823,301389,NULL,NULL,NULL,NULL
824,301390,NULL,NULL,NULL,NULL
825,301391,NULL,NULL,NULL,NULL
826,301392,http://www.epa.gov/iris/subst/0021.htm,21,1/31/1987,http://cfpub.epa.gov/ncea/iris/index.cfm?fuseaction=iris.showQuickView&substance_nmbr=0021
827,301393,NULL,NULL,NULL,NULL
828,301394,NULL,NULL,NULL,NULL
829,301395,NULL,NULL,NULL,NULL
830,301396,NULL,NULL,NULL,NULL
831,301397,NULL,NULL,NULL,NULL
832,301398,NULL,NULL,NULL,NULL
833,301399,NULL,NULL,NULL,NULL
834,301400,NULL,NULL,NULL,NULL
835,301401,NULL,NULL,NULL,NULL
836,301402,NULL,NULL,NULL,NULL
837,301403,NULL,NULL,NULL,NULL
838,301404,http://www.epa.gov/iris/subst/0334.htm,334,8/22/1988,http://cfpub.epa.gov/ncea/iris/index.cfm?fuseaction=iris.showQuickView&substance_nmbr=0334
839,301405,http://www.epa.gov/iris/subst/0279.htm,279,6/30/1988,http://cfpub.epa.gov/ncea/iris/index.cfm?fuseaction=iris.showQuickView&substance_nmbr=0279
840,301406,NULL,NULL,NULL,NULL
841,301407,NULL,NULL,NULL,NULL
842,301408,http://www.epa.gov/iris/subst/0339.htm,339,9/1/1991,http://cfpub.epa.gov/ncea/iris/index.cfm?fuseaction=iris.showQuickView&substance_nmbr=0339
843,301409,NULL,NULL,NULL,NULL
844,301410,NULL,NULL,NULL,NULL
845,301411,http://www.epa.gov/iris/subst/0083.htm,83,7/1/1989,http://cfpub.epa.gov/ncea/iris/index.cfm?fuseaction=iris.showQuickView&substance_nmbr=0083
846,301412,NULL,NULL,NULL,NULL
847,301413,NULL,NULL,NULL,NULL
848,301414,http://www.epa.gov/iris/subst/0378.htm,378,10/1/1989,http://cfpub.epa.gov/ncea/iris/index.cfm?fuseaction=iris.showQuickView&substance_nmbr=0378
849,301415,NULL,NULL,NULL,NULL
850,301416,NULL,NULL,NULL,NULL
851,301417,NULL,NULL,NULL,NULL
852,301418,http://www.epa.gov/iris/subst/0132.htm,132,3/1/1988,http://cfpub.epa.gov/ncea/iris/index.cfm?fuseaction=iris.showQuickView&substance_nmbr=0132
853,301419,NULL,NULL,NULL,NULL
854,301420,http://www.epa.gov/iris/subst/0335.htm,335,6/1/1991,http://cfpub.epa.gov/ncea/iris/index.cfm?fuseaction=iris.showQuickView&substance_nmbr=0335
855,301421,NULL,NULL,NULL,NULL
856,301422,NULL,NULL,NULL,NULL
857,301423,NULL,NULL,NULL,NULL
858,301424,NULL,NULL,NULL,NULL
859,301425,NULL,NULL,NULL,NULL
860,301426,NULL,NULL,NULL,NULL
861,301427,NULL,NULL,NULL,NULL
862,301428,NULL,NULL,NULL,NULL
863,301429,NULL,NULL,NULL,NULL
864,301430,NULL,NULL,NULL,NULL
865,301431,NULL,NULL,NULL,NULL
866,301432,NULL,NULL,NULL,NULL
867,301433,NULL,NULL,NULL,NULL
868,301434,NULL,NULL,NULL,NULL
869,301435,NULL,NULL,NULL,NULL
870,301436,NULL,NULL,NULL,NULL
871,301437,NULL,NULL,NULL,NULL
872,301438,NULL,NULL,NULL,NULL
873,301439,NULL,NULL,NULL,NULL
874,301440,NULL,NULL,NULL,NULL
875,301441,NULL,NULL,NULL,NULL
876,301442,NULL,NULL,NULL,NULL
877,301443,NULL,NULL,NULL,NULL
878,301444,NULL,NULL,NULL,NULL
879,301445,NULL,NULL,NULL,NULL
880,301446,NULL,NULL,NULL,NULL
881,301447,NULL,NULL,NULL,NULL
882,301448,NULL,NULL,NULL,NULL
883,301449,NULL,NULL,NULL,NULL
884,301450,NULL,NULL,NULL,NULL
885,301451,NULL,NULL,NULL,NULL
886,301452,NULL,NULL,NULL,NULL
887,301453,NULL,NULL,NULL,NULL
888,301454,NULL,NULL,NULL,NULL
889,301455,NULL,NULL,NULL,NULL
890,301456,NULL,NULL,NULL,NULL
891,301457,NULL,NULL,NULL,NULL
892,301458,NULL,NULL,NULL,NULL
893,301459,NULL,NULL,NULL,NULL
894,301460,NULL,NULL,NULL,NULL
895,301461,NULL,NULL,NULL,NULL
896,301462,NULL,NULL,NULL,NULL
897,301463,NULL,NULL,NULL,NULL
898,301464,NULL,NULL,NULL,NULL
899,301465,NULL,NULL,NULL,NULL
900,301466,NULL,NULL,NULL,NULL
901,301467,NULL,NULL,NULL,NULL
902,301468,NULL,NULL,NULL,NULL
903,301474,NULL,NULL,NULL,NULL
904,301475,NULL,NULL,NULL,NULL
905,301476,NULL,NULL,NULL,NULL
906,301477,NULL,NULL,NULL,NULL
907,301478,NULL,NULL,NULL,NULL
908,301479,NULL,NULL,NULL,NULL
909,301480,NULL,NULL,NULL,NULL
910,301481,NULL,NULL,NULL,NULL
911,301482,NULL,NULL,NULL,NULL
912,301483,NULL,NULL,NULL,NULL
913,301484,NULL,NULL,NULL,NULL
914,301485,NULL,NULL,NULL,NULL
915,301486,NULL,NULL,NULL,NULL
916,301487,NULL,NULL,NULL,NULL
917,301488,NULL,NULL,NULL,NULL
918,301489,NULL,NULL,NULL,NULL
919,301490,NULL,NULL,NULL,NULL
920,301491,NULL,NULL,NULL,NULL
921,301492,NULL,NULL,NULL,NULL
922,301493,NULL,NULL,NULL,NULL
923,301494,NULL,NULL,NULL,NULL
924,301495,NULL,NULL,NULL,NULL
925,301496,NULL,NULL,NULL,NULL
926,301497,NULL,NULL,NULL,NULL
927,301498,NULL,NULL,NULL,NULL
928,301499,NULL,NULL,NULL,NULL
929,301500,NULL,NULL,NULL,NULL
930,301501,NULL,NULL,NULL,NULL
931,301502,NULL,NULL,NULL,NULL
932,301503,NULL,NULL,NULL,NULL
933,301504,NULL,NULL,NULL,NULL
934,301505,NULL,NULL,NULL,NULL
935,301506,NULL,NULL,NULL,NULL
936,301507,NULL,NULL,NULL,NULL
937,301508,NULL,NULL,NULL,NULL
938,301509,NULL,NULL,NULL,NULL
939,301510,http://www.epa.gov/iris/subst/0383.htm,383,7/1/1989,http://cfpub.epa.gov/ncea/iris/index.cfm?fuseaction=iris.showQuickView&substance_nmbr=0383
940,301511,NULL,NULL,NULL,NULL
941,301512,NULL,NULL,NULL,NULL
942,301513,NULL,NULL,NULL,NULL
943,301514,NULL,NULL,NULL,NULL
944,301515,NULL,NULL,NULL,NULL
945,301516,NULL,NULL,NULL,NULL
946,301517,NULL,NULL,NULL,NULL
947,301518,NULL,NULL,NULL,NULL
948,301519,NULL,NULL,NULL,NULL
949,301520,NULL,NULL,NULL,NULL
950,301521,NULL,NULL,NULL,NULL
951,301522,NULL,NULL,NULL,NULL
952,301523,NULL,NULL,NULL,NULL
953,301524,NULL,NULL,NULL,NULL
954,301525,NULL,NULL,NULL,NULL
955,301526,NULL,NULL,NULL,NULL
956,301527,NULL,NULL,NULL,NULL
957,301528,NULL,NULL,NULL,NULL
958,301529,NULL,NULL,NULL,NULL
959,301530,NULL,NULL,NULL,NULL
960,301531,NULL,NULL,NULL,NULL
961,301532,NULL,NULL,NULL,NULL
962,301533,NULL,NULL,NULL,NULL
963,301534,NULL,NULL,NULL,NULL
964,301535,NULL,NULL,NULL,NULL
965,301536,NULL,NULL,NULL,NULL
966,301537,NULL,NULL,NULL,NULL
967,301538,NULL,NULL,NULL,NULL
968,301539,NULL,NULL,NULL,NULL
969,301540,NULL,NULL,NULL,NULL
970,301541,NULL,NULL,NULL,NULL
971,301542,NULL,NULL,NULL,NULL
972,301543,NULL,NULL,NULL,NULL
973,301544,NULL,NULL,NULL,NULL
974,301545,NULL,NULL,NULL,NULL
975,301546,NULL,NULL,NULL,NULL
976,301547,NULL,NULL,NULL,NULL
977,301548,NULL,NULL,NULL,NULL
978,301549,NULL,NULL,NULL,NULL
979,301550,NULL,NULL,NULL,NULL
980,301551,NULL,NULL,NULL,NULL
981,301552,NULL,NULL,NULL,NULL
982,301553,NULL,NULL,NULL,NULL
983,301554,NULL,NULL,NULL,NULL
984,301555,NULL,NULL,NULL,NULL
985,301556,NULL,NULL,NULL,NULL
986,301557,NULL,NULL,NULL,NULL
987,301558,NULL,NULL,NULL,NULL
988,301559,NULL,NULL,NULL,NULL
989,301560,NULL,NULL,NULL,NULL
990,301561,NULL,NULL,NULL,NULL
991,301562,NULL,NULL,NULL,NULL
992,301563,NULL,NULL,NULL,NULL
993,301564,NULL,NULL,NULL,NULL
994,301565,NULL,NULL,NULL,NULL
995,301566,NULL,NULL,NULL,NULL
996,301567,http://www.epa.gov/iris/subst/0467.htm,467,5/1/1990,http://cfpub.epa.gov/ncea/iris/index.cfm?fuseaction=iris.showQuickView&substance_nmbr=0467
997,301568,NULL,NULL,NULL,NULL
998,301569,NULL,NULL,NULL,NULL
999,301570,NULL,NULL,NULL,NULL
1000,301571,NULL,NULL,NULL,NULL
1001,301572,NULL,NULL,NULL,NULL
1002,301573,NULL,NULL,NULL,NULL
1003,301574,NULL,NULL,NULL,NULL
1004,301575,NULL,NULL,NULL,NULL
1005,301576,NULL,NULL,NULL,NULL
1006,301577,NULL,NULL,NULL,NULL
1007,301578,NULL,NULL,NULL,NULL
1008,301579,NULL,NULL,NULL,NULL
1009,301580,NULL,NULL,NULL,NULL
1010,301581,NULL,NULL,NULL,NULL
1011,301582,NULL,NULL,NULL,NULL
1012,301583,NULL,NULL,NULL,NULL
1013,301584,NULL,NULL,NULL,NULL
1014,301585,NULL,NULL,NULL,NULL
1015,301586,NULL,NULL,NULL,NULL
1016,301587,NULL,NULL,NULL,NULL
1017,301588,NULL,NULL,NULL,NULL
1018,301589,NULL,NULL,NULL,NULL
1019,301590,NULL,NULL,NULL,NULL
1020,301591,NULL,NULL,NULL,NULL
1021,301592,NULL,NULL,NULL,NULL
1022,301593,NULL,NULL,NULL,NULL
1023,301594,NULL,NULL,NULL,NULL
1024,301595,NULL,NULL,NULL,NULL
1025,301596,NULL,NULL,NULL,NULL
1026,301597,NULL,NULL,NULL,NULL
1027,301598,NULL,NULL,NULL,NULL
1028,301599,NULL,NULL,NULL,NULL
1029,301600,NULL,NULL,NULL,NULL
1030,301601,NULL,NULL,NULL,NULL
1031,301602,NULL,NULL,NULL,NULL
1032,301603,NULL,NULL,NULL,NULL
1033,301604,NULL,NULL,NULL,NULL
1034,301605,NULL,NULL,NULL,NULL
1035,301606,NULL,NULL,NULL,NULL
1036,301607,NULL,NULL,NULL,NULL
1037,301608,NULL,NULL,NULL,NULL
1038,301609,NULL,NULL,NULL,NULL
1039,301610,NULL,NULL,NULL,NULL
1040,301611,NULL,NULL,NULL,NULL
1041,301612,NULL,NULL,NULL,NULL
1042,301613,NULL,NULL,NULL,NULL
1043,301614,NULL,NULL,NULL,NULL
1044,301615,NULL,NULL,NULL,NULL
1045,301616,NULL,NULL,NULL,NULL
1046,301617,NULL,NULL,NULL,NULL
1047,301618,NULL,NULL,NULL,NULL
1048,301619,NULL,NULL,NULL,NULL
1049,301620,NULL,NULL,NULL,NULL
1050,301621,NULL,NULL,NULL,NULL
1051,301622,NULL,NULL,NULL,NULL
1052,301623,NULL,NULL,NULL,NULL
1053,301624,NULL,NULL,NULL,NULL
1054,301625,NULL,NULL,NULL,NULL
1055,301626,NULL,NULL,NULL,NULL
1056,301627,NULL,NULL,NULL,NULL
1057,301628,NULL,NULL,NULL,NULL
1058,301629,NULL,NULL,NULL,NULL
1059,301630,NULL,NULL,NULL,NULL
1060,301631,NULL,NULL,NULL,NULL
1061,301632,NULL,NULL,NULL,NULL
1062,301633,NULL,NULL,NULL,NULL
1063,301634,NULL,NULL,NULL,NULL
1064,301635,NULL,NULL,NULL,NULL
1065,301636,NULL,NULL,NULL,NULL
1066,301637,NULL,NULL,NULL,NULL
1067,301638,NULL,NULL,NULL,NULL
1068,301639,NULL,NULL,NULL,NULL
1069,301640,NULL,NULL,NULL,NULL
1070,301641,NULL,NULL,NULL,NULL
1071,301642,NULL,NULL,NULL,NULL
1072,301643,NULL,NULL,NULL,NULL
1073,301644,NULL,NULL,NULL,NULL
1074,301645,NULL,NULL,NULL,NULL
1075,301646,NULL,NULL,NULL,NULL
1076,301647,http://www.epa.gov/iris/subst/0280.htm,280,6/30/1988,http://cfpub.epa.gov/ncea/iris/index.cfm?fuseaction=iris.showQuickView&substance_nmbr=0280
1077,301648,NULL,NULL,NULL,NULL
1078,301649,NULL,NULL,NULL,NULL
1079,301650,NULL,NULL,NULL,NULL
1080,301651,NULL,NULL,NULL,NULL
1081,301652,NULL,NULL,NULL,NULL
1082,301653,NULL,NULL,NULL,NULL
1083,301654,NULL,NULL,NULL,NULL
1084,301655,NULL,NULL,NULL,NULL
1085,301656,NULL,NULL,NULL,NULL
1086,301657,NULL,NULL,NULL,NULL
1087,301658,NULL,NULL,NULL,NULL
1088,301659,NULL,NULL,NULL,NULL
1089,301660,NULL,NULL,NULL,NULL
1090,301661,NULL,NULL,NULL,NULL
1091,301662,NULL,NULL,NULL,NULL
1092,301663,NULL,NULL,NULL,NULL
1093,301664,NULL,NULL,NULL,NULL
1094,301665,NULL,NULL,NULL,NULL
1095,301666,NULL,NULL,NULL,NULL
1096,301667,NULL,NULL,NULL,NULL
1097,301668,NULL,NULL,NULL,NULL
1098,301669,NULL,NULL,NULL,NULL
1099,301670,NULL,NULL,NULL,NULL
1100,301671,NULL,NULL,NULL,NULL
1101,301672,NULL,NULL,NULL,NULL
1102,301673,NULL,NULL,NULL,NULL
1103,301674,NULL,NULL,NULL,NULL
1104,301675,NULL,NULL,NULL,NULL
1105,301676,NULL,NULL,NULL,NULL
1106,301677,NULL,NULL,NULL,NULL
1107,301678,NULL,NULL,NULL,NULL
1108,301679,NULL,NULL,NULL,NULL
1109,301680,NULL,NULL,NULL,NULL
1110,301681,http://www.epa.gov/iris/subst/0344.htm,344,9/7/1988,http://cfpub.epa.gov/ncea/iris/index.cfm?fuseaction=iris.showQuickView&substance_nmbr=0344
1111,301682,NULL,NULL,NULL,NULL
1112,301683,NULL,NULL,NULL,NULL
1113,301684,NULL,NULL,NULL,NULL
1114,301685,NULL,NULL,NULL,NULL
1115,301686,NULL,NULL,NULL,NULL
1116,301687,NULL,NULL,NULL,NULL
1117,301688,NULL,NULL,NULL,NULL
1118,301689,NULL,NULL,NULL,NULL
1119,301690,NULL,NULL,NULL,NULL
1120,301691,NULL,NULL,NULL,NULL
1121,301692,NULL,NULL,NULL,NULL
1122,301693,NULL,NULL,NULL,NULL
1123,301694,NULL,NULL,NULL,NULL
1124,301695,NULL,NULL,NULL,NULL
1125,301696,http://www.epa.gov/iris/subst/0084.htm,84,1/31/1987,http://cfpub.epa.gov/ncea/iris/index.cfm?fuseaction=iris.showQuickView&substance_nmbr=0084
1126,301697,NULL,NULL,NULL,NULL
1127,301698,NULL,NULL,NULL,NULL
1128,301699,NULL,NULL,NULL,NULL
1129,301700,NULL,NULL,NULL,NULL
1130,301701,NULL,NULL,NULL,NULL
1131,301702,NULL,NULL,NULL,NULL
1132,301703,NULL,NULL,NULL,NULL
1133,301704,NULL,NULL,NULL,NULL
1134,301705,NULL,NULL,NULL,NULL
1135,301706,NULL,NULL,NULL,NULL
1136,301707,NULL,NULL,NULL,NULL
1137,301708,NULL,NULL,NULL,NULL
1138,301709,NULL,NULL,NULL,NULL
1139,301710,NULL,NULL,NULL,NULL
1140,301711,NULL,NULL,NULL,NULL
1141,301712,NULL,NULL,NULL,NULL
1142,301713,NULL,NULL,NULL,NULL
1143,301714,NULL,NULL,NULL,NULL
1144,301715,NULL,NULL,NULL,NULL
1145,301716,NULL,NULL,NULL,NULL
1146,301717,NULL,NULL,NULL,NULL
1147,301721,NULL,NULL,NULL,NULL
1148,301724,NULL,NULL,NULL,NULL
1149,301725,NULL,NULL,NULL,NULL
1150,301726,NULL,NULL,NULL,NULL
1151,301727,NULL,NULL,NULL,NULL
1152,301728,NULL,NULL,NULL,NULL
1153,301729,NULL,NULL,NULL,NULL
1154,301730,NULL,NULL,NULL,NULL
1155,301731,NULL,NULL,NULL,NULL
1156,301732,NULL,NULL,NULL,NULL
1157,301733,NULL,NULL,NULL,NULL
1158,301734,NULL,NULL,NULL,NULL
1159,301735,NULL,NULL,NULL,NULL
1160,301736,NULL,NULL,NULL,NULL
1161,301737,NULL,NULL,NULL,NULL
1162,301739,NULL,NULL,NULL,NULL
1163,301740,NULL,NULL,NULL,NULL
1164,301741,NULL,NULL,NULL,NULL
1165,301742,NULL,NULL,NULL,NULL
1166,301743,NULL,NULL,NULL,NULL
1167,301746,NULL,NULL,NULL,NULL
1168,301747,NULL,NULL,NULL,NULL
1169,301748,NULL,NULL,NULL,NULL
1170,301749,NULL,NULL,NULL,NULL
1171,301750,NULL,NULL,NULL,NULL
1172,301751,NULL,NULL,NULL,NULL
1173,301752,NULL,NULL,NULL,NULL
1174,301753,NULL,NULL,NULL,NULL
1175,301754,NULL,NULL,NULL,NULL
1176,301755,NULL,NULL,NULL,NULL
1177,301756,NULL,NULL,NULL,NULL
1178,301757,NULL,NULL,NULL,NULL
1179,301758,NULL,NULL,NULL,NULL
1180,301769,NULL,NULL,NULL,NULL
1181,301770,NULL,NULL,NULL,NULL
1182,301771,NULL,NULL,NULL,NULL
1183,301772,NULL,NULL,NULL,NULL
1184,301773,NULL,NULL,NULL,NULL
1185,301774,NULL,NULL,NULL,NULL
1186,301775,NULL,NULL,NULL,NULL
1187,301776,NULL,NULL,NULL,NULL
1188,301777,NULL,NULL,NULL,NULL
1189,301778,NULL,NULL,NULL,NULL
1190,301779,NULL,NULL,NULL,NULL
1191,301780,NULL,NULL,NULL,NULL
1192,301781,NULL,NULL,NULL,NULL
1193,301782,NULL,NULL,NULL,NULL
1194,301783,NULL,NULL,NULL,NULL
1195,301784,NULL,NULL,NULL,NULL
1196,301785,NULL,NULL,NULL,NULL
1197,301786,NULL,NULL,NULL,NULL
1198,301787,NULL,NULL,NULL,NULL
1199,301788,NULL,NULL,NULL,NULL
1200,301789,NULL,NULL,NULL,NULL
1201,301790,NULL,NULL,NULL,NULL
1202,301791,NULL,NULL,NULL,NULL
1203,301792,NULL,NULL,NULL,NULL
1204,301793,NULL,NULL,NULL,NULL
1205,301794,NULL,NULL,NULL,NULL
1206,301795,NULL,NULL,NULL,NULL
1207,301796,NULL,NULL,NULL,NULL
1208,301797,NULL,NULL,NULL,NULL
1209,301798,NULL,NULL,NULL,NULL
1210,301799,NULL,NULL,NULL,NULL
1211,301800,NULL,NULL,NULL,NULL
1212,301830,NULL,NULL,NULL,NULL
1213,301831,NULL,NULL,NULL,NULL
1214,301832,NULL,NULL,NULL,NULL
1215,301833,NULL,NULL,NULL,NULL
1216,302066,NULL,NULL,NULL,NULL
1217,302067,NULL,NULL,NULL,NULL
1218,302068,http://www.epa.gov/iris/subst/0490.htm,490,8/1/1990,http://cfpub.epa.gov/ncea/iris/index.cfm?fuseaction=iris.showQuickView&substance_nmbr=0490
1219,302069,NULL,NULL,NULL,NULL
1220,302070,NULL,NULL,NULL,NULL
1221,302071,NULL,NULL,NULL,NULL
1222,302072,NULL,NULL,NULL,NULL
1223,302073,NULL,NULL,NULL,NULL
1224,302074,NULL,NULL,NULL,NULL
1225,302075,http://www.epa.gov/iris/subst/0491.htm,491,8/1/1990,http://cfpub.epa.gov/ncea/iris/index.cfm?fuseaction=iris.showQuickView&substance_nmbr=0491
1226,302076,NULL,NULL,NULL,NULL
1227,302077,NULL,NULL,NULL,NULL
1228,302078,NULL,NULL,NULL,NULL
1229,302079,NULL,NULL,NULL,NULL
1230,302080,NULL,NULL,NULL,NULL
1231,302081,NULL,NULL,NULL,NULL
1232,302082,NULL,NULL,NULL,NULL
1233,302083,NULL,NULL,NULL,NULL
1234,302084,NULL,NULL,NULL,NULL
1235,302085,NULL,NULL,NULL,NULL
1236,302086,NULL,NULL,NULL,NULL
1237,302088,NULL,NULL,NULL,NULL
1238,302089,NULL,NULL,NULL,NULL
1239,302095,NULL,NULL,NULL,NULL
1240,302096,NULL,NULL,NULL,NULL
1241,302097,NULL,NULL,NULL,NULL
1242,302100,NULL,NULL,NULL,NULL
1243,302101,NULL,NULL,NULL,NULL
1244,302298,NULL,NULL,NULL,NULL
1245,302299,NULL,NULL,NULL,NULL
1246,302300,NULL,NULL,NULL,NULL
1247,302301,NULL,NULL,NULL,NULL
1248,302555,NULL,NULL,NULL,NULL
1249,302556,NULL,NULL,NULL,NULL
1250,302557,NULL,NULL,NULL,NULL
1251,302558,NULL,NULL,NULL,NULL
1252,302559,NULL,NULL,NULL,NULL
1253,302560,NULL,NULL,NULL,NULL
1254,302561,NULL,NULL,NULL,NULL
1255,302562,NULL,NULL,NULL,NULL
1256,302563,NULL,NULL,NULL,NULL
1257,302564,NULL,NULL,NULL,NULL
1258,302565,NULL,NULL,NULL,NULL
1259,302567,NULL,NULL,NULL,NULL
1260,302568,NULL,NULL,NULL,NULL
1261,302569,NULL,NULL,NULL,NULL
1262,302570,NULL,NULL,NULL,NULL
1263,302571,NULL,NULL,NULL,NULL
1264,302572,NULL,NULL,NULL,NULL
1265,302573,NULL,NULL,NULL,NULL
1266,302574,NULL,NULL,NULL,NULL
1267,302575,NULL,NULL,NULL,NULL
1268,302576,NULL,NULL,NULL,NULL
1269,302577,NULL,NULL,NULL,NULL
1270,302578,NULL,NULL,NULL,NULL
1271,302579,NULL,NULL,NULL,NULL
1272,302580,NULL,NULL,NULL,NULL
1273,302581,NULL,NULL,NULL,NULL
1274,302582,NULL,NULL,NULL,NULL
1275,302584,NULL,NULL,NULL,NULL
1276,302663,NULL,NULL,NULL,NULL
1277,302664,NULL,NULL,NULL,NULL
1278,302665,NULL,NULL,NULL,NULL
1279,302666,NULL,NULL,NULL,NULL
1280,302667,NULL,NULL,NULL,NULL
1281,302668,NULL,NULL,NULL,NULL
1282,302669,NULL,NULL,NULL,NULL
1283,302670,NULL,NULL,NULL,NULL
1284,302671,NULL,NULL,NULL,NULL
1285,302672,NULL,NULL,NULL,NULL
1286,302673,NULL,NULL,NULL,NULL
1287,302674,NULL,NULL,NULL,NULL
1288,302675,NULL,NULL,NULL,NULL
1289,302676,NULL,NULL,NULL,NULL
1290,302677,NULL,NULL,NULL,NULL
1291,302678,NULL,NULL,NULL,NULL
1292,302679,NULL,NULL,NULL,NULL
1293,302680,NULL,NULL,NULL,NULL
1294,302681,NULL,NULL,NULL,NULL
1295,302682,NULL,NULL,NULL,NULL
1296,302683,NULL,NULL,NULL,NULL
1297,302684,NULL,NULL,NULL,NULL
1298,302685,NULL,NULL,NULL,NULL
1299,302686,NULL,NULL,NULL,NULL
1300,90,NULL,NULL,NULL,NULL
1301,118,NULL,NULL,NULL,NULL
1302,186,NULL,NULL,NULL,NULL
1303,437,http://www.epa.gov/iris/subst/0429.htm,429,10/1/1990,http://cfpub.epa.gov/ncea/iris/index.cfm?fuseaction=iris.showQuickView&substance_nmbr=0429
1304,301763,NULL,NULL,NULL,NULL
1305,302170,NULL,NULL,NULL,NULL
1306,302171,NULL,NULL,NULL,NULL
1307,302503,NULL,NULL,NULL,NULL
1308,302586,NULL,NULL,NULL,NULL
1309,302587,NULL,NULL,NULL,NULL
1310,302588,NULL,NULL,NULL,NULL
1311,302589,NULL,NULL,NULL,NULL
1312,302590,NULL,NULL,NULL,NULL
1313,302591,NULL,NULL,NULL,NULL
1314,302592,NULL,NULL,NULL,NULL
1315,302593,NULL,NULL,NULL,NULL
1316,302600,NULL,NULL,NULL,NULL
1317,302601,NULL,NULL,NULL,NULL
1318,302602,NULL,NULL,NULL,NULL
1319,302603,NULL,NULL,NULL,NULL
1320,302604,NULL,NULL,NULL,NULL
1321,302605,NULL,NULL,NULL,NULL
1322,302606,NULL,NULL,NULL,NULL
1323,302607,NULL,NULL,NULL,NULL
1324,302608,NULL,NULL,NULL,NULL
1325,302610,NULL,NULL,NULL,NULL
1326,302612,NULL,NULL,NULL,NULL
1327,302613,NULL,NULL,NULL,NULL
1328,302615,NULL,NULL,NULL,NULL
1329,302616,NULL,NULL,NULL,NULL
1330,302617,NULL,NULL,NULL,NULL
1331,302623,NULL,NULL,NULL,NULL
1332,302626,NULL,NULL,NULL,NULL
1333,302627,NULL,NULL,NULL,NULL
1334,302635,NULL,NULL,NULL,NULL
1335,302636,NULL,NULL,NULL,NULL
1336,302637,NULL,NULL,NULL,NULL
1337,302638,NULL,NULL,NULL,NULL
1338,302639,NULL,NULL,NULL,NULL
1339,302640,NULL,NULL,NULL,NULL
1340,302641,NULL,NULL,NULL,NULL
1341,302642,NULL,NULL,NULL,NULL
1342,302643,NULL,NULL,NULL,NULL
1343,302645,NULL,NULL,NULL,NULL
1344,302647,NULL,NULL,NULL,NULL
1345,302648,NULL,NULL,NULL,NULL
1346,302649,NULL,NULL,NULL,NULL
1347,302650,NULL,NULL,NULL,NULL
1348,302651,NULL,NULL,NULL,NULL
1349,302652,NULL,NULL,NULL,NULL
1350,302653,NULL,NULL,NULL,NULL
1351,302654,NULL,NULL,NULL,NULL
1352,302655,NULL,NULL,NULL,NULL
1353,302661,NULL,NULL,NULL,NULL
1354,302662,NULL,NULL,NULL,NULL
1355,302706,NULL,NULL,NULL,NULL
1356,302707,NULL,NULL,NULL,NULL
1357,302708,NULL,NULL,NULL,NULL
1358,302709,NULL,NULL,NULL,NULL
1359,302710,NULL,NULL,NULL,NULL
1360,302711,NULL,NULL,NULL,NULL
1361,302712,NULL,NULL,NULL,NULL
1362,302713,NULL,NULL,NULL,NULL
1363,302714,NULL,NULL,NULL,NULL
1364,302715,NULL,NULL,NULL,NULL
1365,302716,NULL,NULL,NULL,NULL
1366,302717,NULL,NULL,NULL,NULL
1367,302718,NULL,NULL,NULL,NULL
1368,302719,NULL,NULL,NULL,NULL
1369,302720,NULL,NULL,NULL,NULL
1370,302721,NULL,NULL,NULL,NULL
1371,302722,NULL,NULL,NULL,NULL
1372,302723,NULL,NULL,NULL,NULL
1373,302724,NULL,NULL,NULL,NULL
1374,302725,NULL,NULL,NULL,NULL
1375,302726,NULL,NULL,NULL,NULL
1376,302727,NULL,NULL,NULL,NULL
1377,302728,NULL,NULL,NULL,NULL
1378,302729,NULL,NULL,NULL,NULL
1379,302730,NULL,NULL,NULL,NULL
1380,302731,NULL,NULL,NULL,NULL
1381,302732,NULL,NULL,NULL,NULL
1382,302733,NULL,NULL,NULL,NULL
1383,302734,NULL,NULL,NULL,NULL
1384,302735,NULL,NULL,NULL,NULL
1385,302736,NULL,NULL,NULL,NULL
1386,302737,NULL,NULL,NULL,NULL
1387,302738,NULL,NULL,NULL,NULL
1388,302739,NULL,NULL,NULL,NULL
1389,302740,NULL,NULL,NULL,NULL
1390,302741,NULL,NULL,NULL,NULL
1391,302742,http://www.epa.gov/iris/subst/0166.htm,166,1/1/1991,http://cfpub.epa.gov/ncea/iris/index.cfm?fuseaction=iris.showQuickView&substance_nmbr=0166
1392,302751,NULL,NULL,NULL,NULL
1393,302752,NULL,NULL,NULL,NULL
1394,302753,NULL,NULL,NULL,NULL
1395,302754,NULL,NULL,NULL,NULL
1396,302755,NULL,NULL,NULL,NULL
1397,302756,NULL,NULL,NULL,NULL
1398,302757,NULL,NULL,NULL,NULL
1399,302758,NULL,NULL,NULL,NULL
1400,302759,NULL,NULL,NULL,NULL
1401,302760,NULL,NULL,NULL,NULL
1402,302761,NULL,NULL,NULL,NULL
1403,302762,NULL,NULL,NULL,NULL
1404,302763,NULL,NULL,NULL,NULL
1405,302764,NULL,NULL,NULL,NULL
1406,302765,NULL,NULL,NULL,NULL
1407,302766,NULL,NULL,NULL,NULL
1408,302767,NULL,NULL,NULL,NULL
1409,302768,NULL,NULL,NULL,NULL
1410,302769,NULL,NULL,NULL,NULL
1411,302770,NULL,NULL,NULL,NULL
1412,302771,NULL,NULL,NULL,NULL
1413,302772,NULL,NULL,NULL,NULL
1414,302773,NULL,NULL,NULL,NULL
1415,302774,NULL,NULL,NULL,NULL
1416,302776,NULL,NULL,NULL,NULL
1417,302849,NULL,NULL,NULL,NULL
1418,302850,NULL,NULL,NULL,NULL
